date,temperature_max,temperature_min,temperature_mean,precipitation,rainfall
2020-01-01,26.7,18.6,22.0,0.2,0.2
2020-01-02,26.6,20.0,22.5,0.5,0.5
2020-01-03,27.2,19.9,22.7,0.7,0.7
2020-01-04,26.7,18.6,21.9,0.4,0.4
2020-01-05,25.5,17.0,20.8,0.0,0.0
2020-01-06,25.9,16.7,21.3,0.0,0.0
2020-01-07,27.2,19.5,22.6,0.0,0.0
2020-01-08,28.9,19.5,23.2,0.0,0.0
2020-01-09,27.7,18.9,22.5,0.3,0.3
2020-01-10,26.5,19.0,21.8,0.3,0.3
2020-01-11,26.9,15.8,21.2,0.0,0.0
2020-01-12,27.5,15.1,20.4,0.0,0.0
2020-01-13,28.6,16.1,21.5,0.0,0.0
2020-01-14,28.8,15.6,21.7,0.0,0.0
2020-01-15,27.6,17.0,21.7,0.0,0.0
2020-01-16,27.9,16.5,21.6,0.0,0.0
2020-01-17,27.9,17.1,22.0,0.0,0.0
2020-01-18,28.5,18.5,23.0,0.0,0.0
2020-01-19,28.8,18.6,23.3,0.0,0.0
2020-01-20,28.1,18.6,23.1,0.1,0.1
2020-01-21,28.6,18.4,22.9,0.0,0.0
2020-01-22,28.6,17.8,22.3,0.0,0.0
2020-01-23,28.5,15.8,21.7,0.0,0.0
2020-01-24,29.2,18.2,22.8,0.0,0.0
2020-01-25,29.4,17.2,22.7,0.0,0.0
2020-01-26,30.4,17.6,23.7,0.0,0.0
2020-01-27,30.9,17.4,23.7,0.0,0.0
2020-01-28,30.4,18.6,24.2,0.0,0.0
2020-01-29,30.6,19.1,24.2,0.0,0.0
2020-01-30,29.8,18.7,23.4,0.0,0.0
2020-01-31,29.4,17.4,22.8,0.0,0.0
2020-02-01,29.2,19.4,23.7,0.0,0.0
2020-02-02,28.5,19.6,23.4,0.2,0.2
2020-02-03,29.3,19.0,23.5,0.0,0.0
2020-02-04,30.1,18.5,23.7,0.0,0.0
2020-02-05,29.2,17.9,23.6,0.0,0.0
2020-02-06,30.8,18.5,24.8,0.0,0.0
2020-02-07,29.4,19.6,23.9,0.2,0.2
2020-02-08,27.1,18.9,22.6,3.2,3.2
2020-02-09,21.5,18.5,19.7,17.0,17.0
2020-02-10,25.0,18.2,21.3,1.1,1.1
2020-02-11,26.1,19.2,22.1,0.6,0.6
2020-02-12,26.9,18.0,22.1,0.2,0.2
2020-02-13,29.4,17.9,22.7,0.0,0.0
2020-02-14,29.9,15.9,22.8,0.0,0.0
2020-02-15,31.0,15.7,23.4,0.0,0.0
2020-02-16,30.5,16.8,23.6,0.0,0.0
2020-02-17,30.7,16.5,23.3,0.0,0.0
2020-02-18,30.3,17.6,22.9,0.0,0.0
2020-02-19,30.5,15.4,23.4,0.0,0.0
2020-02-20,30.0,18.0,23.5,0.0,0.0
2020-02-21,29.5,17.3,22.6,0.0,0.0
2020-02-22,30.1,16.4,22.9,0.0,0.0
2020-02-23,30.0,17.2,23.3,0.0,0.0
2020-02-24,31.4,17.6,24.6,0.0,0.0
2020-02-25,31.0,19.8,24.8,0.0,0.0
2020-02-26,29.5,18.9,23.8,0.0,0.0
2020-02-27,29.9,18.1,23.6,0.0,0.0
2020-02-28,30.1,16.8,23.5,0.0,0.0
2020-02-29,29.5,19.0,24.1,0.0,0.0
2020-03-01,30.6,19.1,24.4,0.0,0.0
2020-03-02,29.9,21.2,24.7,0.0,0.0
2020-03-03,30.9,19.5,25.3,0.5,0.5
2020-03-04,33.0,20.3,26.0,0.0,0.0
2020-03-05,31.6,18.8,25.2,0.0,0.0
2020-03-06,31.7,20.4,25.5,0.3,0.3
2020-03-07,31.2,21.2,25.3,0.2,0.2
2020-03-08,30.0,21.3,25.3,0.0,0.0
2020-03-09,30.2,20.8,25.3,0.5,0.5
2020-03-10,31.9,20.9,26.2,0.6,0.6
2020-03-11,31.5,21.5,26.4,0.6,0.6
2020-03-12,31.5,21.1,26.1,0.5,0.5
2020-03-13,32.6,21.2,26.5,0.0,0.0
2020-03-14,33.2,20.0,26.2,0.0,0.0
2020-03-15,31.7,20.2,25.7,0.0,0.0
2020-03-16,32.1,20.1,25.8,0.0,0.0
2020-03-17,33.4,21.5,27.2,0.0,0.0
2020-03-18,33.5,20.2,27.0,0.0,0.0
2020-03-19,32.8,22.1,26.4,0.0,0.0
2020-03-20,33.0,21.8,27.3,0.0,0.0
2020-03-21,31.2,20.6,25.9,0.5,0.5
2020-03-22,32.4,20.6,26.2,0.0,0.0
2020-03-23,31.8,21.0,26.3,0.5,0.5
2020-03-24,32.5,21.4,26.8,0.0,0.0
2020-03-25,32.6,21.5,26.9,0.0,0.0
2020-03-26,33.0,21.5,26.8,0.0,0.0
2020-03-27,34.3,22.1,27.9,0.0,0.0
2020-03-28,34.7,21.5,28.0,0.0,0.0
2020-03-29,35.0,23.0,28.4,0.0,0.0
2020-03-30,34.3,22.2,27.9,0.0,0.0
2020-03-31,34.9,21.4,28.3,0.0,0.0
2020-04-01,33.9,23.0,28.3,0.0,0.0
2020-04-02,34.0,24.0,29.3,0.0,0.0
2020-04-03,34.8,23.1,29.0,0.0,0.0
2020-04-04,34.1,23.4,28.0,0.0,0.0
2020-04-05,35.0,23.0,28.7,0.0,0.0
2020-04-06,33.9,24.1,28.6,0.0,0.0
2020-04-07,35.0,23.0,28.6,0.1,0.1
2020-04-08,35.6,23.9,29.1,0.0,0.0
2020-04-09,34.3,22.8,28.0,0.2,0.2
2020-04-10,34.5,21.4,27.5,0.0,0.0
2020-04-11,34.7,21.3,27.8,0.0,0.0
2020-04-12,35.3,22.5,28.5,0.0,0.0
2020-04-13,35.9,22.6,28.8,0.0,0.0
2020-04-14,35.8,22.4,29.2,0.0,0.0
2020-04-15,36.0,22.9,29.4,0.0,0.0
2020-04-16,35.4,23.1,29.5,0.0,0.0
2020-04-17,35.7,23.0,29.8,0.0,0.0
2020-04-18,35.9,23.6,29.3,0.2,0.2
2020-04-19,35.5,23.3,29.2,0.0,0.0
2020-04-20,36.2,23.5,28.6,2.4,2.4
2020-04-21,35.9,24.1,29.9,0.0,0.0
2020-04-22,35.4,24.4,30.3,0.0,0.0
2020-04-23,37.5,24.3,31.0,0.0,0.0
2020-04-24,35.3,25.8,30.2,0.0,0.0
2020-04-25,36.3,26.0,31.1,0.0,0.0
2020-04-26,34.8,25.5,29.8,0.0,0.0
2020-04-27,35.0,24.9,29.7,0.1,0.1
2020-04-28,34.6,24.7,29.2,0.0,0.0
2020-04-29,33.3,24.1,28.8,0.4,0.4
2020-04-30,35.8,23.9,29.9,0.0,0.0
2020-05-01,36.8,24.8,30.1,0.0,0.0
2020-05-02,35.8,23.6,30.1,0.1,0.1
2020-05-03,37.3,24.5,30.9,0.0,0.0
2020-05-04,37.2,25.1,31.0,0.0,0.0
2020-05-05,36.8,25.1,30.8,0.0,0.0
2020-05-06,36.7,25.2,31.2,0.0,0.0
2020-05-07,36.4,25.0,30.6,0.1,0.1
2020-05-08,35.5,25.6,30.8,0.1,0.1
2020-05-09,36.5,27.7,31.6,0.0,0.0
2020-05-10,36.2,25.1,30.2,0.4,0.4
2020-05-11,35.0,24.0,29.4,0.0,0.0
2020-05-12,35.8,24.9,30.3,0.0,0.0
2020-05-13,35.9,24.5,30.0,0.0,0.0
2020-05-14,36.4,24.9,30.7,0.0,0.0
2020-05-15,36.2,25.0,30.7,0.2,0.2
2020-05-16,36.0,26.0,30.5,0.4,0.4
2020-05-17,36.7,25.1,30.7,0.0,0.0
2020-05-18,36.2,25.7,30.5,0.2,0.2
2020-05-19,37.0,25.6,31.0,0.0,0.0
2020-05-20,38.2,25.2,31.5,0.0,0.0
2020-05-21,39.3,26.0,31.7,0.0,0.0
2020-05-22,38.8,23.0,31.3,0.0,0.0
2020-05-23,39.3,23.4,32.0,0.0,0.0
2020-05-24,39.0,25.0,32.4,0.0,0.0
2020-05-25,38.2,25.9,32.4,0.2,0.2
2020-05-26,38.1,26.6,32.7,0.1,0.1
2020-05-27,38.2,28.0,33.1,0.1,0.1
2020-05-28,39.7,28.4,33.6,0.0,0.0
2020-05-29,38.5,27.5,33.3,0.0,0.0
2020-05-30,36.8,26.9,32.0,0.0,0.0
2020-05-31,35.0,26.8,30.2,3.0,3.0
2020-06-01,32.8,24.1,28.0,6.0,6.0
2020-06-02,33.7,23.9,27.5,8.0,8.0
2020-06-03,31.9,23.6,27.6,3.8,3.8
2020-06-04,31.8,24.6,28.2,0.0,0.0
2020-06-05,33.7,25.1,29.1,0.1,0.1
2020-06-06,34.0,24.8,29.3,0.5,0.5
2020-06-07,34.7,25.4,29.7,0.0,0.0
2020-06-08,35.5,25.9,30.5,0.2,0.2
2020-06-09,35.4,26.1,30.4,0.2,0.2
2020-06-10,31.9,24.5,27.5,13.2,13.2
2020-06-11,26.8,23.4,24.5,19.7,19.7
2020-06-12,26.1,23.0,24.1,36.0,36.0
2020-06-13,30.2,23.4,26.3,3.1,3.1
2020-06-14,31.4,24.0,27.4,2.4,2.4
2020-06-15,30.5,24.6,27.4,2.4,2.4
2020-06-16,29.1,24.0,25.9,24.7,24.7
2020-06-17,28.5,23.1,24.6,18.5,18.5
2020-06-18,29.1,23.3,25.3,4.0,4.0
2020-06-19,30.0,23.2,26.4,2.7,2.7
2020-06-20,31.5,24.3,27.4,1.2,1.2
2020-06-21,26.8,23.9,25.2,6.4,6.4
2020-06-22,28.4,23.6,25.9,0.3,0.3
2020-06-23,32.0,23.6,27.3,0.1,0.1
2020-06-24,31.5,23.6,27.4,0.5,0.5
2020-06-25,32.2,23.1,27.9,4.7,4.7
2020-06-26,32.4,23.5,28.1,0.2,0.2
2020-06-27,32.2,24.4,27.7,15.4,15.4
2020-06-28,31.4,24.0,26.9,8.5,8.5
2020-06-29,31.3,23.6,26.3,4.2,4.2
2020-06-30,30.5,23.4,26.6,2.6,2.6
2020-07-01,31.4,23.5,27.0,1.0,1.0
2020-07-02,30.0,23.5,26.4,2.7,2.7
2020-07-03,31.3,23.5,26.6,2.9,2.9
2020-07-04,26.5,22.7,24.1,9.5,9.5
2020-07-05,24.5,22.8,23.5,41.5,41.5
2020-07-06,25.6,23.1,24.3,4.4,4.4
2020-07-07,30.5,23.5,26.2,0.9,0.9
2020-07-08,30.5,23.2,26.5,0.9,0.9
2020-07-09,27.8,23.1,24.6,15.4,15.4
2020-07-10,26.8,23.0,24.6,2.2,2.2
2020-07-11,29.8,22.6,25.7,1.0,1.0
2020-07-12,30.1,23.5,26.5,0.4,0.4
2020-07-13,28.6,23.4,25.6,4.7,4.7
2020-07-14,28.4,22.9,25.1,15.1,15.1
2020-07-15,25.4,22.6,23.6,17.6,17.6
2020-07-16,26.7,22.4,24.2,1.8,1.8
2020-07-17,29.5,22.8,25.2,12.6,12.6
2020-07-18,30.5,23.0,26.2,0.6,0.6
2020-07-19,30.4,23.4,25.9,12.0,12.0
2020-07-20,28.5,23.0,25.7,5.0,5.0
2020-07-21,30.6,23.4,26.5,1.1,1.1
2020-07-22,31.3,23.7,27.2,1.1,1.1
2020-07-23,26.8,23.2,24.5,18.0,18.0
2020-07-24,30.1,23.5,25.7,0.3,0.3
2020-07-25,27.1,22.6,24.6,0.5,0.5
2020-07-26,30.9,22.4,26.2,0.0,0.0
2020-07-27,30.7,23.0,26.5,3.1,3.1
2020-07-28,31.0,23.0,26.1,4.9,4.9
2020-07-29,31.0,23.1,25.6,17.5,17.5
2020-07-30,30.6,22.7,26.4,0.2,0.2
2020-07-31,31.0,23.6,26.3,4.2,4.2
2020-08-01,31.5,22.6,25.9,8.6,8.6
2020-08-02,31.0,23.2,26.6,3.3,3.3
2020-08-03,29.0,23.4,25.4,2.9,2.9
2020-08-04,24.9,23.2,24.0,6.9,6.9
2020-08-05,27.2,22.6,24.2,13.8,13.8
2020-08-06,28.6,22.9,25.5,2.4,2.4
2020-08-07,29.8,23.1,26.3,0.3,0.3
2020-08-08,29.1,23.5,26.1,5.9,5.9
2020-08-09,29.0,23.0,25.4,11.5,11.5
2020-08-10,26.4,22.8,23.9,9.9,9.9
2020-08-11,28.4,22.6,25.0,1.4,1.4
2020-08-12,26.5,23.4,24.6,4.1,4.1
2020-08-13,24.0,22.2,23.0,25.8,25.8
2020-08-14,24.1,21.9,22.8,17.8,17.8
2020-08-15,23.5,21.8,22.4,35.3,35.3
2020-08-16,24.2,22.0,22.8,22.5,22.5
2020-08-17,27.2,22.2,23.8,12.5,12.5
2020-08-18,26.9,22.8,24.2,3.7,3.7
2020-08-19,24.9,22.5,23.3,32.8,32.8
2020-08-20,23.8,22.0,22.9,31.7,31.7
2020-08-21,26.0,22.2,23.5,10.6,10.6
2020-08-22,29.1,22.7,25.2,0.8,0.8
2020-08-23,29.1,22.1,25.5,0.6,0.6
2020-08-24,29.3,22.9,25.7,0.4,0.4
2020-08-25,29.9,22.9,25.9,0.2,0.2
2020-08-26,29.5,23.4,25.7,0.9,0.9
2020-08-27,26.5,23.3,24.3,5.1,5.1
2020-08-28,28.4,22.2,25.0,0.4,0.4
2020-08-29,29.2,22.7,25.4,0.0,0.0
2020-08-30,29.8,22.4,25.8,0.0,0.0
2020-08-31,30.8,22.6,26.3,0.0,0.0
2020-09-01,30.4,23.1,26.5,0.6,0.6
2020-09-02,29.8,23.6,25.9,5.2,5.2
2020-09-03,29.5,22.2,25.7,1.2,1.2
2020-09-04,30.4,22.9,26.4,0.0,0.0
2020-09-05,31.1,22.6,26.7,0.0,0.0
2020-09-06,31.0,23.0,27.1,0.7,0.7
2020-09-07,31.0,23.2,26.7,2.7,2.7
2020-09-08,31.1,23.3,26.8,1.1,1.1
2020-09-09,30.9,23.5,26.6,4.3,4.3
2020-09-10,30.6,23.0,26.2,2.5,2.5
2020-09-11,30.0,23.4,25.9,2.1,2.1
2020-09-12,29.5,22.6,25.9,1.1,1.1
2020-09-13,28.3,22.6,24.6,6.2,6.2
2020-09-14,26.4,22.2,23.7,22.3,22.3
2020-09-15,28.8,22.3,24.4,33.8,33.8
2020-09-16,28.0,22.2,24.4,11.8,11.8
2020-09-17,29.3,22.0,24.8,5.5,5.5
2020-09-18,30.0,22.6,25.3,13.7,13.7
2020-09-19,28.8,22.5,24.9,8.0,8.0
2020-09-20,29.6,22.4,25.0,14.1,14.1
2020-09-21,27.6,22.5,24.6,4.0,4.0
2020-09-22,29.0,22.9,25.2,2.0,2.0
2020-09-23,28.7,22.4,25.2,0.0,0.0
2020-09-24,28.9,22.5,25.5,0.0,0.0
2020-09-25,28.9,22.9,25.1,17.0,17.0
2020-09-26,25.4,22.2,23.0,19.8,19.8
2020-09-27,27.5,21.6,23.7,3.9,3.9
2020-09-28,29.2,20.8,24.7,2.7,2.7
2020-09-29,29.1,22.1,24.8,6.3,6.3
2020-09-30,28.9,22.3,25.0,11.0,11.0
2020-10-01,28.1,22.9,24.6,2.6,2.6
2020-10-02,30.3,22.3,25.8,0.0,0.0
2020-10-03,31.5,23.0,26.3,0.0,0.0
2020-10-04,30.5,22.8,26.2,0.0,0.0
2020-10-05,30.1,22.1,25.7,0.0,0.0
2020-10-06,31.4,21.9,26.0,0.0,0.0
2020-10-07,28.4,21.9,24.9,1.0,1.0
2020-10-08,28.8,21.1,24.7,2.5,2.5
2020-10-09,29.5,22.2,25.1,8.2,8.2
2020-10-10,29.5,22.0,25.3,5.9,5.9
2020-10-11,26.5,22.2,23.7,40.7,40.7
2020-10-12,26.4,22.3,23.8,11.7,11.7
2020-10-13,24.0,22.1,22.9,80.5,80.5
2020-10-14,27.7,22.2,24.0,13.7,13.7
2020-10-15,28.0,22.2,24.7,1.4,1.4
2020-10-16,29.4,22.0,24.9,0.0,0.0
2020-10-17,28.9,21.2,25.0,2.3,2.3
2020-10-18,29.2,22.2,25.0,3.8,3.8
2020-10-19,29.4,22.1,25.2,1.1,1.1
2020-10-20,28.0,22.4,24.4,13.3,13.3
2020-10-21,27.8,22.4,24.7,8.1,8.1
2020-10-22,30.0,21.1,25.1,0.0,0.0
2020-10-23,30.4,20.1,24.8,0.0,0.0
2020-10-24,30.5,20.3,25.0,0.0,0.0
2020-10-25,29.5,22.0,25.6,0.0,0.0
2020-10-26,29.5,20.5,24.5,0.0,0.0
2020-10-27,28.5,19.0,23.6,0.0,0.0
2020-10-28,29.2,19.0,24.0,0.0,0.0
2020-10-29,29.0,18.7,24.0,0.0,0.0
2020-10-30,28.4,20.9,24.5,0.0,0.0
2020-10-31,29.5,19.8,24.1,0.0,0.0
2020-11-01,29.8,19.4,24.0,0.0,0.0
2020-11-02,30.5,18.9,24.6,0.0,0.0
2020-11-03,30.1,20.0,24.8,0.0,0.0
2020-11-04,29.8,19.0,23.7,0.0,0.0
2020-11-05,29.7,17.4,23.1,0.0,0.0
2020-11-06,29.2,17.1,23.4,0.0,0.0
2020-11-07,30.0,20.0,24.4,0.0,0.0
2020-11-08,29.5,18.1,23.1,0.0,0.0
2020-11-09,28.1,15.4,21.2,0.0,0.0
2020-11-10,27.6,15.8,20.8,0.0,0.0
2020-11-11,28.9,14.2,21.7,0.0,0.0
2020-11-12,27.9,19.4,23.4,0.9,0.9
2020-11-13,29.1,20.5,24.0,0.1,0.1
2020-11-14,30.0,18.5,24.2,0.0,0.0
2020-11-15,29.6,18.0,23.7,0.0,0.0
2020-11-16,28.0,20.6,23.8,0.0,0.0
2020-11-17,29.9,19.0,24.0,0.0,0.0
2020-11-18,29.9,18.5,23.9,0.0,0.0
2020-11-19,29.5,21.0,24.4,0.0,0.0
2020-11-20,30.4,17.9,23.9,0.0,0.0
2020-11-21,30.0,18.2,23.9,0.0,0.0
2020-11-22,28.6,19.0,23.8,0.2,0.2
2020-11-23,29.0,18.9,23.2,0.0,0.0
2020-11-24,28.6,16.9,22.1,0.0,0.0
2020-11-25,28.2,16.3,22.4,0.0,0.0
2020-11-26,26.1,19.4,22.1,2.1,2.1
2020-11-27,20.1,18.0,19.0,13.1,13.1
2020-11-28,24.9,17.7,20.3,7.7,7.7
2020-11-29,26.5,18.7,22.3,0.0,0.0
2020-11-30,27.5,18.1,22.5,0.0,0.0
2020-12-01,27.1,17.1,21.8,0.0,0.0
2020-12-02,27.8,15.7,21.1,0.0,0.0
2020-12-03,28.0,14.9,20.9,0.0,0.0
2020-12-04,28.0,15.6,21.0,0.0,0.0
2020-12-05,27.7,14.4,20.3,0.0,0.0
2020-12-06,27.5,14.1,20.4,0.0,0.0
2020-12-07,28.0,15.8,21.2,0.0,0.0
2020-12-08,27.6,15.6,20.8,0.0,0.0
2020-12-09,27.6,17.1,21.3,0.0,0.0
2020-12-10,27.8,15.6,21.8,0.0,0.0
2020-12-11,28.5,15.1,21.4,0.0,0.0
2020-12-12,28.2,16.1,21.5,0.0,0.0
2020-12-13,27.9,15.4,21.1,0.0,0.0
2020-12-14,28.4,15.4,21.6,0.0,0.0
2020-12-15,27.5,15.6,21.0,0.0,0.0
2020-12-16,27.6,16.9,21.9,0.0,0.0
2020-12-17,28.4,16.5,22.6,0.0,0.0
2020-12-18,27.9,17.9,22.7,0.0,0.0
2020-12-19,27.3,16.4,21.3,0.0,0.0
2020-12-20,27.0,15.2,20.1,0.0,0.0
2020-12-21,26.7,13.0,18.8,0.0,0.0
2020-12-22,26.2,11.6,19.1,0.0,0.0
2020-12-23,26.4,13.2,19.2,0.0,0.0
2020-12-24,26.6,14.2,19.6,0.0,0.0
2020-12-25,26.0,13.9,19.9,0.0,0.0
2020-12-26,26.6,15.9,20.1,0.0,0.0
2020-12-27,27.4,16.1,20.7,0.0,0.0
2020-12-28,28.1,14.2,20.8,0.0,0.0
2020-12-29,27.9,15.1,20.8,0.0,0.0
2020-12-30,27.3,14.6,20.9,0.0,0.0
2020-12-31,26.4,17.0,21.5,0.0,0.0
2021-01-01,26.7,17.8,21.3,0.0,0.0
2021-01-02,26.1,14.4,19.7,0.0,0.0
2021-01-03,26.2,14.1,20.1,0.0,0.0
2021-01-04,26.2,15.6,20.0,0.0,0.0
2021-01-05,27.1,14.9,20.9,0.0,0.0
2021-01-06,24.7,19.6,21.5,1.2,1.2
2021-01-07,24.0,18.5,20.7,3.4,3.4
2021-01-08,28.8,17.6,22.8,0.0,0.0
2021-01-09,27.5,18.0,22.1,0.0,0.0
2021-01-10,28.4,16.8,21.7,0.0,0.0
2021-01-11,29.4,17.5,22.9,0.0,0.0
2021-01-12,29.4,16.9,22.7,0.0,0.0
2021-01-13,28.6,17.2,22.7,0.0,0.0
2021-01-14,28.3,18.0,22.1,0.0,0.0
2021-01-15,28.0,17.3,21.6,0.0,0.0
2021-01-16,28.4,16.0,22.0,0.0,0.0
2021-01-17,28.1,17.2,22.1,0.0,0.0
2021-01-18,27.4,16.9,21.5,0.0,0.0
2021-01-19,28.0,15.5,21.3,0.0,0.0
2021-01-20,29.2,15.6,22.1,0.0,0.0
2021-01-21,29.7,16.5,22.8,0.0,0.0
2021-01-22,29.2,19.4,23.6,0.0,0.0
2021-01-23,29.4,18.4,22.8,0.0,0.0
2021-01-24,29.2,16.5,22.5,0.0,0.0
2021-01-25,29.7,16.8,22.8,0.0,0.0
2021-01-26,29.5,17.2,23.1,0.0,0.0
2021-01-27,29.2,17.4,22.9,0.0,0.0
2021-01-28,28.5,18.9,23.2,0.0,0.0
2021-01-29,28.9,16.5,22.4,0.0,0.0
2021-01-30,28.0,17.0,22.5,0.0,0.0
2021-01-31,27.5,18.6,22.7,0.0,0.0
2021-02-01,26.9,17.7,22.0,0.0,0.0
2021-02-02,27.9,15.1,20.8,0.0,0.0
2021-02-03,28.0,14.7,20.9,0.0,0.0
2021-02-04,27.5,14.8,21.1,0.0,0.0
2021-02-05,28.0,14.3,20.9,0.0,0.0
2021-02-06,28.5,15.0,21.3,0.0,0.0
2021-02-07,27.6,16.5,21.4,0.0,0.0
2021-02-08,27.4,14.4,20.3,0.0,0.0
2021-02-09,28.4,16.5,21.4,0.0,0.0
2021-02-10,29.0,14.6,21.7,0.0,0.0
2021-02-11,29.8,15.4,22.3,0.0,0.0
2021-02-12,29.2,16.1,22.0,0.0,0.0
2021-02-13,29.4,15.8,21.7,0.0,0.0
2021-02-14,30.0,15.6,22.5,0.0,0.0
2021-02-15,30.8,17.4,23.6,0.0,0.0
2021-02-16,31.1,18.5,24.2,0.0,0.0
2021-02-17,30.8,16.9,23.9,0.0,0.0
2021-02-18,28.9,17.6,23.1,0.0,0.0
2021-02-19,27.1,17.6,21.5,0.5,0.5
2021-02-20,28.0,17.2,22.2,0.0,0.0
2021-02-21,27.2,17.5,22.3,0.0,0.0
2021-02-22,30.4,18.6,23.8,0.0,0.0
2021-02-23,31.2,17.1,23.8,0.0,0.0
2021-02-24,31.8,16.6,24.2,0.0,0.0
2021-02-25,32.7,16.8,24.5,0.0,0.0
2021-02-26,33.2,17.0,25.6,0.0,0.0
2021-02-27,33.5,19.3,26.0,0.0,0.0
2021-02-28,34.0,17.9,26.4,0.0,0.0
2021-03-01,33.9,18.6,25.9,0.0,0.0
2021-03-02,33.7,20.1,26.6,0.0,0.0
2021-03-03,33.7,18.2,25.7,0.0,0.0
2021-03-04,33.4,20.5,26.2,0.0,0.0
2021-03-05,34.0,18.2,25.9,0.0,0.0
2021-03-06,34.3,17.5,26.1,0.0,0.0
2021-03-07,34.3,19.4,26.6,0.0,0.0
2021-03-08,34.2,20.5,26.9,0.0,0.0
2021-03-09,33.8,19.1,26.5,0.0,0.0
2021-03-10,34.3,19.2,26.8,0.0,0.0
2021-03-11,34.5,19.4,26.8,0.0,0.0
2021-03-12,34.0,19.8,25.9,0.0,0.0
2021-03-13,33.2,16.2,24.7,0.0,0.0
2021-03-14,33.5,18.2,25.8,0.0,0.0
2021-03-15,34.2,18.3,26.4,0.0,0.0
2021-03-16,34.7,20.0,28.1,0.0,0.0
2021-03-17,35.2,20.5,27.8,0.0,0.0
2021-03-18,34.7,21.2,28.2,0.0,0.0
2021-03-19,35.1,21.3,28.1,0.0,0.0
2021-03-20,34.2,20.5,27.2,0.0,0.0
2021-03-21,35.0,20.4,27.5,0.0,0.0
2021-03-22,35.2,21.9,28.4,0.0,0.0
2021-03-23,34.6,22.9,28.4,0.0,0.0
2021-03-24,34.9,22.4,28.4,0.0,0.0
2021-03-25,35.4,22.8,28.8,0.0,0.0
2021-03-26,36.5,22.1,29.3,0.0,0.0
2021-03-27,36.8,22.2,29.5,0.0,0.0
2021-03-28,36.5,22.7,29.3,0.0,0.0
2021-03-29,37.5,21.9,29.9,0.0,0.0
2021-03-30,38.0,23.8,30.3,0.0,0.0
2021-03-31,38.2,23.1,29.6,0.0,0.0
2021-04-01,37.5,20.5,29.2,0.0,0.0
2021-04-02,37.0,21.2,29.5,0.0,0.0
2021-04-03,38.2,21.0,30.3,0.0,0.0
2021-04-04,36.7,22.5,29.5,0.0,0.0
2021-04-05,36.0,22.1,29.1,0.0,0.0
2021-04-06,37.6,22.3,29.7,0.0,0.0
2021-04-07,35.8,22.4,29.5,0.0,0.0
2021-04-08,36.3,23.6,29.9,0.0,0.0
2021-04-09,35.5,23.0,29.5,0.0,0.0
2021-04-10,35.0,25.0,29.5,0.0,0.0
2021-04-11,35.4,22.9,28.8,0.0,0.0
2021-04-12,34.9,23.5,28.3,0.1,0.1
2021-04-13,34.5,23.5,27.9,2.9,2.9
2021-04-14,31.6,21.3,25.9,1.8,1.8
2021-04-15,33.2,20.7,27.2,0.0,0.0
2021-04-16,35.0,21.1,28.1,0.0,0.0
2021-04-17,35.2,21.9,28.7,0.0,0.0
2021-04-18,35.2,23.3,29.3,0.0,0.0
2021-04-19,35.3,23.2,29.7,0.0,0.0
2021-04-20,34.9,24.2,29.8,0.0,0.0
2021-04-21,35.9,23.9,29.3,0.1,0.1
2021-04-22,34.5,22.9,29.0,0.0,0.0
2021-04-23,35.0,23.8,29.3,0.0,0.0
2021-04-24,35.5,23.5,29.4,0.0,0.0
2021-04-25,36.0,23.1,29.8,0.0,0.0
2021-04-26,35.1,24.3,29.8,0.0,0.0
2021-04-27,36.0,24.0,29.8,0.0,0.0
2021-04-28,36.3,23.7,29.8,0.0,0.0
2021-04-29,36.3,23.4,29.4,0.0,0.0
2021-04-30,36.2,22.5,29.6,0.0,0.0
2021-05-01,36.4,22.9,29.5,0.0,0.0
2021-05-02,34.8,22.9,29.0,0.0,0.0
2021-05-03,34.3,23.5,28.5,0.0,0.0
2021-05-04,34.6,23.5,28.9,0.0,0.0
2021-05-05,35.4,24.2,29.6,0.0,0.0
2021-05-06,34.8,25.1,29.9,0.0,0.0
2021-05-07,34.5,24.0,29.4,0.0,0.0
2021-05-08,35.2,25.0,29.6,0.0,0.0
2021-05-09,35.2,25.0,29.9,0.1,0.1
2021-05-10,35.0,25.5,30.2,0.1,0.1
2021-05-11,35.7,25.9,30.3,0.9,0.9
2021-05-12,37.0,25.2,31.0,0.0,0.0
2021-05-13,35.5,27.0,31.1,0.1,0.1
2021-05-14,35.2,26.8,30.0,0.4,0.4
2021-05-15,34.2,24.6,28.7,0.7,0.7
2021-05-16,32.8,24.2,26.9,11.3,11.3
2021-05-17,33.8,23.6,28.2,0.7,0.7
2021-05-18,33.8,24.0,29.0,2.2,2.2
2021-05-19,34.8,25.4,29.9,0.1,0.1
2021-05-20,34.0,24.1,29.1,0.3,0.3
2021-05-21,35.5,24.9,30.0,0.0,0.0
2021-05-22,35.5,24.2,29.8,0.0,0.0
2021-05-23,36.2,26.0,31.2,0.0,0.0
2021-05-24,36.7,25.1,31.2,0.0,0.0
2021-05-25,36.7,26.0,31.1,0.0,0.0
2021-05-26,37.0,26.0,31.2,0.0,0.0
2021-05-27,35.5,26.0,30.4,0.0,0.0
2021-05-28,34.4,25.6,29.8,0.5,0.5
2021-05-29,36.5,25.1,30.1,0.2,0.2
2021-05-30,35.8,24.9,30.2,0.0,0.0
2021-05-31,35.8,26.5,30.4,1.2,1.2
2021-06-01,35.4,25.1,29.7,1.3,1.3
2021-06-02,32.9,23.7,27.4,12.4,12.4
2021-06-03,30.8,23.8,26.1,2.5,2.5
2021-06-04,31.8,23.2,26.7,0.0,0.0
2021-06-05,32.2,23.9,27.4,1.9,1.9
2021-06-06,32.0,22.9,27.2,2.1,2.1
2021-06-07,32.0,24.3,27.8,2.1,2.1
2021-06-08,33.2,24.5,28.7,1.3,1.3
2021-06-09,31.0,23.7,26.8,3.8,3.8
2021-06-10,31.4,23.4,27.0,0.3,0.3
2021-06-11,29.0,22.4,25.6,2.2,2.2
2021-06-12,32.5,23.1,27.2,1.2,1.2
2021-06-13,32.0,23.3,26.8,2.2,2.2
2021-06-14,30.9,23.0,26.0,10.3,10.3
2021-06-15,31.5,24.0,26.8,1.0,1.0
2021-06-16,28.4,23.0,25.4,2.9,2.9
2021-06-17,29.0,22.6,25.2,3.4,3.4
2021-06-18,29.2,23.2,26.0,0.7,0.7
2021-06-19,29.0,23.5,25.6,0.8,0.8
2021-06-20,31.6,23.1,26.9,0.0,0.0
2021-06-21,32.4,22.7,27.6,0.0,0.0
2021-06-22,33.3,24.8,28.6,0.0,0.0
2021-06-23,32.4,24.8,27.8,0.3,0.3
2021-06-24,28.9,23.2,25.2,3.7,3.7
2021-06-25,29.9,23.0,26.1,0.2,0.2
2021-06-26,32.0,24.0,27.0,1.6,1.6
2021-06-27,28.2,22.2,24.6,8.2,8.2
2021-06-28,31.5,22.3,26.4,2.3,2.3
2021-06-29,32.9,23.5,28.3,0.0,0.0
2021-06-30,33.8,24.6,29.1,0.1,0.1
2021-07-01,31.5,24.9,27.7,1.6,1.6
2021-07-02,28.4,22.6,24.7,23.8,23.8
2021-07-03,32.1,24.0,27.5,0.0,0.0
2021-07-04,32.5,24.5,28.1,0.0,0.0
2021-07-05,32.3,24.6,28.0,0.0,0.0
2021-07-06,31.9,23.7,27.5,0.9,0.9
2021-07-07,32.2,23.9,27.1,7.7,7.7
2021-07-08,26.1,23.3,24.4,19.4,19.4
2021-07-09,28.8,23.2,25.1,14.4,14.4
2021-07-10,29.2,22.6,25.3,5.2,5.2
2021-07-11,29.1,23.1,25.0,9.3,9.3
2021-07-12,28.7,22.6,24.9,14.1,14.1
2021-07-13,28.2,22.4,24.4,13.1,13.1
2021-07-14,27.1,22.4,24.3,4.5,4.5
2021-07-15,27.7,22.1,24.8,4.5,4.5
2021-07-16,29.8,22.5,25.2,5.0,5.0
2021-07-17,30.1,22.6,25.9,7.7,7.7
2021-07-18,30.2,22.5,25.7,9.2,9.2
2021-07-19,28.1,22.9,25.4,1.3,1.3
2021-07-20,29.3,23.0,25.5,1.6,1.6
2021-07-21,24.2,22.5,23.2,43.8,43.8
2021-07-22,24.7,21.9,22.9,39.3,39.3
2021-07-23,25.8,21.9,23.7,7.4,7.4
2021-07-24,29.4,22.2,25.7,0.2,0.2
2021-07-25,29.9,22.6,26.0,1.7,1.7
2021-07-26,30.0,22.8,26.4,0.0,0.0
2021-07-27,29.5,22.7,26.1,0.2,0.2
2021-07-28,29.0,22.5,25.9,0.1,0.1
2021-07-29,28.7,23.0,25.3,0.0,0.0
2021-07-30,29.0,23.0,25.3,0.5,0.5
2021-07-31,29.6,22.3,25.4,1.1,1.1
2021-08-01,28.5,22.5,25.3,0.4,0.4
2021-08-02,29.8,22.1,25.6,0.7,0.7
2021-08-03,29.5,22.0,25.7,0.3,0.3
2021-08-04,29.6,22.9,26.0,1.0,1.0
2021-08-05,29.1,23.0,25.9,2.6,2.6
2021-08-06,29.8,22.9,26.0,0.5,0.5
2021-08-07,31.4,23.4,26.5,0.0,0.0
2021-08-08,30.2,23.4,26.6,1.7,1.7
2021-08-09,31.3,23.4,26.9,1.2,1.2
2021-08-10,31.2,24.2,27.2,0.2,0.2
2021-08-11,31.6,24.5,27.5,0.3,0.3
2021-08-12,30.0,24.4,26.5,7.5,7.5
2021-08-13,29.5,23.2,26.0,0.4,0.4
2021-08-14,31.3,24.0,27.1,0.0,0.0
2021-08-15,30.4,23.2,26.3,2.2,2.2
2021-08-16,27.0,22.8,24.1,4.9,4.9
2021-08-17,24.4,22.5,23.2,22.5,22.5
2021-08-18,27.9,22.2,24.3,2.9,2.9
2021-08-19,29.3,22.5,25.3,0.9,0.9
2021-08-20,28.2,22.4,24.8,1.4,1.4
2021-08-21,28.0,22.2,24.5,6.1,6.1
2021-08-22,30.0,22.1,25.5,2.4,2.4
2021-08-23,30.8,22.2,26.2,0.6,0.6
2021-08-24,30.7,22.8,26.3,1.3,1.3
2021-08-25,30.0,23.4,25.9,2.9,2.9
2021-08-26,29.6,22.3,25.4,9.4,9.4
2021-08-27,29.5,23.0,25.4,6.1,6.1
2021-08-28,27.4,22.9,24.4,9.9,9.9
2021-08-29,28.8,22.3,24.9,3.0,3.0
2021-08-30,26.5,22.4,23.9,8.8,8.8
2021-08-31,28.0,22.3,24.5,10.2,10.2
2021-09-01,28.7,22.2,24.9,2.5,2.5
2021-09-02,29.5,22.0,25.0,3.1,3.1
2021-09-03,28.1,22.5,24.8,6.6,6.6
2021-09-04,28.1,22.2,24.4,9.9,9.9
2021-09-05,28.4,22.1,24.5,3.3,3.3
2021-09-06,25.8,22.4,23.3,9.3,9.3
2021-09-07,24.5,22.0,22.8,47.8,47.8
2021-09-08,28.6,22.5,25.1,3.9,3.9
2021-09-09,29.4,22.2,25.6,0.0,0.0
2021-09-10,29.0,22.4,25.5,0.2,0.2
2021-09-11,28.0,22.6,25.3,0.4,0.4
2021-09-12,29.6,22.5,25.5,1.2,1.2
2021-09-13,29.0,23.1,25.3,3.3,3.3
2021-09-14,28.5,22.7,25.2,2.1,2.1
2021-09-15,28.8,22.4,25.2,0.0,0.0
2021-09-16,28.8,22.0,24.9,0.0,0.0
2021-09-17,29.5,21.8,25.2,0.0,0.0
2021-09-18,28.6,22.9,25.2,0.0,0.0
2021-09-19,29.0,22.9,25.3,12.9,12.9
2021-09-20,29.0,23.0,24.7,14.9,14.9
2021-09-21,26.6,22.1,24.2,7.3,7.3
2021-09-22,27.7,22.2,24.1,4.9,4.9
2021-09-23,27.1,22.1,23.6,20.2,20.2
2021-09-24,28.7,22.1,25.1,1.8,1.8
2021-09-25,28.6,22.6,25.2,6.1,6.1
2021-09-26,28.1,22.2,24.5,6.5,6.5
2021-09-27,24.2,22.5,23.2,39.2,39.2
2021-09-28,27.8,22.0,24.2,9.0,9.0
2021-09-29,28.9,21.5,24.9,0.4,0.4
2021-09-30,28.9,22.3,25.3,4.6,4.6
2021-10-01,29.9,22.5,25.8,5.3,5.3
2021-10-02,29.5,22.2,25.7,2.8,2.8
2021-10-03,29.5,22.9,25.9,2.1,2.1
2021-10-04,30.2,23.1,25.9,5.1,5.1
2021-10-05,29.9,22.4,25.5,4.0,4.0
2021-10-06,29.2,22.8,25.2,2.1,2.1
2021-10-07,29.9,22.5,25.6,0.4,0.4
2021-10-08,29.9,22.8,25.5,12.4,12.4
2021-10-09,29.3,22.5,25.2,8.5,8.5
2021-10-10,29.4,22.5,25.1,4.6,4.6
2021-10-11,30.5,21.6,25.1,0.0,0.0
2021-10-12,30.0,19.2,25.1,0.0,0.0
2021-10-13,30.7,20.8,26.0,0.0,0.0
2021-10-14,31.3,22.0,26.3,0.0,0.0
2021-10-15,30.8,22.0,26.4,0.0,0.0
2021-10-16,28.0,22.1,24.1,11.6,11.6
2021-10-17,29.5,21.5,24.7,1.6,1.6
2021-10-18,30.9,22.9,26.1,0.0,0.0
2021-10-19,31.5,21.9,25.7,0.0,0.0
2021-10-20,31.5,20.4,25.3,0.0,0.0
2021-10-21,30.9,19.9,25.1,0.0,0.0
2021-10-22,30.9,19.7,25.1,0.0,0.0
2021-10-23,31.2,19.7,25.6,0.0,0.0
2021-10-24,30.9,20.4,25.0,0.0,0.0
2021-10-25,30.3,19.9,24.6,0.0,0.0
2021-10-26,29.8,18.0,23.9,0.0,0.0
2021-10-27,29.7,18.1,23.6,0.0,0.0
2021-10-28,29.9,18.5,24.1,0.0,0.0
2021-10-29,30.9,21.2,25.9,0.0,0.0
2021-10-30,30.4,21.4,25.4,1.0,1.0
2021-10-31,31.3,21.0,25.6,0.0,0.0
2021-11-01,29.7,20.3,24.4,0.1,0.1
2021-11-02,29.1,21.4,23.9,16.2,16.2
2021-11-03,28.4,21.2,23.9,1.4,1.4
2021-11-04,29.1,20.7,24.2,1.0,1.0
2021-11-05,29.2,20.2,24.0,0.0,0.0
2021-11-06,29.7,18.9,24.0,0.0,0.0
2021-11-07,29.1,17.8,23.3,0.0,0.0
2021-11-08,29.0,17.9,23.0,0.0,0.0
2021-11-09,29.1,18.4,23.1,0.0,0.0
2021-11-10,29.9,19.0,24.0,0.0,0.0
2021-11-11,26.3,19.9,22.8,3.9,3.9
2021-11-12,26.2,19.6,22.7,2.0,2.0
2021-11-13,28.4,21.1,24.0,1.2,1.2
2021-11-14,29.4,21.6,24.3,4.4,4.4
2021-11-15,29.8,21.8,24.9,1.0,1.0
2021-11-16,27.2,21.6,24.1,5.0,5.0
2021-11-17,28.6,21.0,23.9,1.8,1.8
2021-11-18,26.2,20.0,23.2,1.3,1.3
2021-11-19,25.0,21.1,22.4,4.9,4.9
2021-11-20,27.8,21.3,23.2,4.9,4.9
2021-11-21,27.2,21.8,23.6,3.8,3.8
2021-11-22,30.0,21.8,25.0,0.7,0.7
2021-11-23,29.8,20.8,24.9,1.0,1.0
2021-11-24,30.1,20.8,24.8,0.0,0.0
2021-11-25,30.1,19.6,24.4,0.0,0.0
2021-11-26,29.8,17.8,23.6,0.0,0.0
2021-11-27,28.8,17.6,23.2,0.0,0.0
2021-11-28,29.0,17.6,23.1,0.0,0.0
2021-11-29,25.8,20.1,22.5,0.3,0.3
2021-11-30,28.6,19.5,23.3,0.0,0.0
2021-12-01,29.0,18.2,23.0,0.0,0.0
2021-12-02,28.8,18.6,23.3,0.0,0.0
2021-12-03,29.2,18.9,23.6,0.0,0.0
2021-12-04,30.9,19.1,24.2,0.0,0.0
2021-12-05,30.9,19.1,24.3,0.0,0.0
2021-12-06,30.5,18.1,24.2,0.0,0.0
2021-12-07,30.0,20.1,25.0,0.0,0.0
2021-12-08,29.5,18.4,23.5,0.0,0.0
2021-12-09,29.0,18.7,23.7,0.7,0.7
2021-12-10,28.1,20.6,23.5,0.8,0.8
2021-12-11,28.9,19.5,23.6,0.1,0.1
2021-12-12,29.4,17.9,23.1,0.0,0.0
2021-12-13,28.6,17.9,22.5,0.0,0.0
2021-12-14,27.2,18.0,22.1,0.1,0.1
2021-12-15,26.9,17.2,21.2,0.0,0.0
2021-12-16,27.8,15.0,20.6,0.0,0.0
2021-12-17,28.0,13.6,20.4,0.0,0.0
2021-12-18,27.3,13.0,19.9,0.0,0.0
2021-12-19,26.7,13.9,19.7,0.0,0.0
2021-12-20,26.5,13.6,19.5,0.0,0.0
2021-12-21,27.1,12.3,19.6,0.0,0.0
2021-12-22,27.5,12.8,19.9,0.0,0.0
2021-12-23,28.7,15.3,21.6,0.0,0.0
2021-12-24,29.6,16.2,22.2,0.0,0.0
2021-12-25,30.0,15.9,22.1,0.0,0.0
2021-12-26,29.7,16.2,22.6,0.0,0.0
2021-12-27,29.0,17.3,22.5,0.0,0.0
2021-12-28,28.6,16.7,22.0,0.0,0.0
2021-12-29,27.4,16.6,21.4,0.0,0.0
2021-12-30,26.5,17.5,21.4,0.3,0.3
2021-12-31,27.9,16.7,21.7,0.0,0.0
2022-01-01,27.8,16.9,21.9,0.0,0.0
2022-01-02,27.0,16.9,21.3,0.0,0.0
2022-01-03,27.2,15.3,20.6,0.0,0.0
2022-01-04,27.0,14.9,20.4,0.0,0.0
2022-01-05,27.6,14.8,20.7,0.0,0.0
2022-01-06,27.5,14.7,20.8,0.0,0.0
2022-01-07,27.6,16.9,21.7,0.0,0.0
2022-01-08,27.6,18.0,22.0,0.3,0.3
2022-01-09,28.7,18.0,22.5,0.4,0.4
2022-01-10,26.5,18.2,21.4,3.0,3.0
2022-01-11,26.6,17.3,20.8,4.9,4.9
2022-01-12,26.1,17.0,20.2,1.5,1.5
2022-01-13,24.0,18.0,20.2,1.1,1.1
2022-01-14,27.3,18.2,21.5,1.2,1.2
2022-01-15,25.2,16.8,20.4,1.0,1.0
2022-01-16,26.5,16.8,20.6,0.1,0.1
2022-01-17,24.9,15.8,20.2,0.8,0.8
2022-01-18,27.0,16.5,20.9,0.0,0.0
2022-01-19,27.5,14.6,21.3,0.0,0.0
2022-01-20,29.2,14.9,21.7,0.0,0.0
2022-01-21,29.9,15.4,22.1,0.0,0.0
2022-01-22,31.0,15.8,22.8,0.0,0.0
2022-01-23,28.8,16.6,22.5,0.0,0.0
2022-01-24,26.5,16.0,20.7,0.0,0.0
2022-01-25,26.9,14.9,20.2,0.0,0.0
2022-01-26,27.3,15.0,20.8,0.0,0.0
2022-01-27,26.9,15.6,20.6,0.0,0.0
2022-01-28,26.4,13.6,19.3,0.0,0.0
2022-01-29,27.5,11.9,18.8,0.0,0.0
2022-01-30,28.9,12.2,20.4,0.0,0.0
2022-01-31,30.1,16.6,22.4,0.0,0.0
2022-02-01,31.0,17.3,23.0,0.0,0.0
2022-02-02,31.2,15.9,23.8,0.0,0.0
2022-02-03,30.8,17.0,23.7,0.0,0.0
2022-02-04,28.2,17.1,22.5,0.0,0.0
2022-02-05,28.4,13.9,21.3,0.0,0.0
2022-02-06,28.7,14.8,21.3,0.0,0.0
2022-02-07,30.7,16.3,23.1,0.0,0.0
2022-02-08,30.5,17.7,24.0,0.0,0.0
2022-02-09,30.5,18.5,24.0,0.0,0.0
2022-02-10,30.0,17.6,23.6,0.0,0.0
2022-02-11,29.3,18.8,23.6,0.0,0.0
2022-02-12,29.2,17.0,22.5,0.0,0.0
2022-02-13,28.9,15.1,21.6,0.0,0.0
2022-02-14,29.5,15.2,22.1,0.0,0.0
2022-02-15,30.1,17.2,23.4,0.0,0.0
2022-02-16,30.1,18.0,23.8,0.0,0.0
2022-02-17,30.6,18.5,24.5,0.0,0.0
2022-02-18,30.5,19.0,24.3,0.0,0.0
2022-02-19,31.4,17.4,24.4,0.0,0.0
2022-02-20,32.4,19.1,25.3,0.0,0.0
2022-02-21,32.5,18.1,24.9,0.0,0.0
2022-02-22,32.8,17.6,25.1,0.0,0.0
2022-02-23,32.0,18.1,24.3,0.0,0.0
2022-02-24,33.0,18.5,25.1,0.0,0.0
2022-02-25,33.5,18.2,25.4,0.0,0.0
2022-02-26,32.0,17.7,24.3,0.0,0.0
2022-02-27,32.2,18.4,24.8,0.0,0.0
2022-02-28,32.8,17.8,25.2,0.0,0.0
2022-03-01,33.3,18.4,26.1,0.0,0.0
2022-03-02,33.3,18.4,25.9,0.0,0.0
2022-03-03,33.0,19.2,26.0,0.0,0.0
2022-03-04,33.5,19.3,26.2,0.0,0.0
2022-03-05,34.1,19.6,26.3,0.0,0.0
2022-03-06,33.1,19.4,25.7,0.0,0.0
2022-03-07,33.1,18.9,25.9,0.0,0.0
2022-03-08,33.7,20.4,26.8,0.0,0.0
2022-03-09,34.5,20.7,27.6,0.0,0.0
2022-03-10,33.8,20.2,27.2,0.0,0.0
2022-03-11,34.2,21.5,27.7,0.0,0.0
2022-03-12,33.8,22.4,27.7,0.0,0.0
2022-03-13,34.8,20.6,27.7,0.0,0.0
2022-03-14,35.3,20.4,27.2,0.0,0.0
2022-03-15,36.3,17.9,27.8,0.0,0.0
2022-03-16,37.2,19.8,28.5,0.0,0.0
2022-03-17,38.3,20.9,29.1,0.0,0.0
2022-03-18,37.8,22.7,29.8,0.0,0.0
2022-03-19,35.3,21.5,29.1,0.0,0.0
2022-03-20,34.6,20.3,28.3,1.6,1.6
2022-03-21,36.5,23.6,29.9,0.0,0.0
2022-03-22,36.1,23.0,29.3,0.0,0.0
2022-03-23,36.9,22.6,29.6,0.0,0.0
2022-03-24,35.8,21.9,29.3,0.0,0.0
2022-03-25,36.8,21.9,29.5,0.0,0.0
2022-03-26,36.8,22.9,29.9,0.0,0.0
2022-03-27,37.8,22.7,30.3,0.0,0.0
2022-03-28,38.3,23.5,30.3,0.0,0.0
2022-03-29,38.3,23.4,30.4,0.0,0.0
2022-03-30,38.4,22.5,30.5,0.0,0.0
2022-03-31,38.7,22.7,30.7,0.0,0.0
2022-04-01,38.0,22.9,30.4,0.0,0.0
2022-04-02,37.1,23.4,30.4,0.0,0.0
2022-04-03,37.7,22.9,30.5,0.0,0.0
2022-04-04,37.0,24.5,31.0,0.0,0.0
2022-04-05,37.8,23.9,30.6,0.0,0.0
2022-04-06,37.4,23.0,30.5,0.0,0.0
2022-04-07,37.1,23.9,30.5,0.0,0.0
2022-04-08,38.0,23.9,30.9,0.0,0.0
2022-04-09,37.3,23.2,30.3,0.0,0.0
2022-04-10,37.3,23.8,30.5,0.0,0.0
2022-04-11,38.0,24.1,30.5,0.0,0.0
2022-04-12,38.8,23.5,31.1,0.0,0.0
2022-04-13,38.0,23.5,30.7,0.0,0.0
2022-04-14,38.8,23.6,31.2,0.0,0.0
2022-04-15,38.0,25.1,30.5,2.7,2.7
2022-04-16,37.6,26.2,31.2,0.0,0.0
2022-04-17,37.6,25.4,30.3,0.0,0.0
2022-04-18,37.9,24.8,31.1,0.0,0.0
2022-04-19,38.8,24.7,31.5,0.0,0.0
2022-04-20,39.6,24.9,32.0,0.0,0.0
2022-04-21,36.6,24.4,30.8,0.6,0.6
2022-04-22,37.0,24.8,29.2,0.1,0.1
2022-04-23,35.6,24.4,29.4,0.0,0.0
2022-04-24,35.3,24.3,30.0,0.1,0.1
2022-04-25,38.0,25.5,31.3,0.0,0.0
2022-04-26,37.0,24.5,30.7,0.0,0.0
2022-04-27,37.5,25.2,31.3,0.0,0.0
2022-04-28,38.5,24.5,31.6,0.0,0.0
2022-04-29,39.2,24.5,31.6,0.0,0.0
2022-04-30,39.3,25.1,32.0,0.0,0.0
2022-05-01,38.6,26.1,32.0,0.0,0.0
2022-05-02,38.7,25.5,32.1,0.0,0.0
2022-05-03,38.2,26.2,32.1,0.0,0.0
2022-05-04,36.7,25.9,30.2,1.9,1.9
2022-05-05,37.0,25.4,31.1,0.0,0.0
2022-05-06,38.7,26.6,32.1,0.0,0.0
2022-05-07,37.8,24.5,31.6,0.0,0.0
2022-05-08,37.1,26.9,31.4,0.0,0.0
2022-05-09,39.0,25.1,31.7,0.0,0.0
2022-05-10,36.9,23.5,30.9,0.0,0.0
2022-05-11,29.4,24.3,27.3,6.4,6.4
2022-05-12,33.0,25.5,28.5,0.2,0.2
2022-05-13,36.7,23.6,29.7,0.6,0.6
2022-05-14,38.0,26.0,31.4,0.1,0.1
2022-05-15,37.2,25.4,31.4,0.1,0.1
2022-05-16,36.0,25.6,30.8,0.0,0.0
2022-05-17,35.2,22.8,29.3,1.2,1.2
2022-05-18,34.8,25.4,28.9,0.5,0.5
2022-05-19,32.4,24.2,27.6,2.9,2.9
2022-05-20,33.6,24.2,27.8,3.6,3.6
2022-05-21,35.1,23.6,28.3,0.0,0.0
2022-05-22,34.8,24.0,29.0,0.0,0.0
2022-05-23,35.3,24.5,29.8,0.0,0.0
2022-05-24,36.7,25.7,30.8,0.0,0.0
2022-05-25,35.9,25.6,30.8,0.0,0.0
2022-05-26,36.7,26.1,30.4,0.3,0.3
2022-05-27,36.1,25.3,30.3,0.1,0.1
2022-05-28,36.7,25.5,30.7,0.0,0.0
2022-05-29,37.2,26.3,31.4,0.0,0.0
2022-05-30,37.2,26.7,31.7,0.0,0.0
2022-05-31,36.2,24.5,29.0,1.1,1.1
2022-06-01,35.6,23.0,29.3,8.2,8.2
2022-06-02,37.8,25.5,31.0,0.0,0.0
2022-06-03,37.9,25.0,31.3,0.0,0.0
2022-06-04,38.5,27.2,32.3,0.0,0.0
2022-06-05,38.3,26.5,31.7,0.0,0.0
2022-06-06,37.7,26.5,30.9,0.8,0.8
2022-06-07,38.0,24.6,30.6,0.4,0.4
2022-06-08,33.8,26.4,29.8,0.0,0.0
2022-06-09,35.8,24.8,30.2,0.5,0.5
2022-06-10,35.7,25.9,30.4,0.0,0.0
2022-06-11,34.1,25.0,29.4,0.0,0.0
2022-06-12,33.8,24.5,29.2,0.4,0.4
2022-06-13,33.6,25.3,29.5,0.5,0.5
2022-06-14,33.7,23.6,28.7,0.7,0.7
2022-06-15,32.5,22.7,26.8,11.5,11.5
2022-06-16,33.0,23.5,27.0,7.8,7.8
2022-06-17,33.0,23.0,27.8,1.0,1.0
2022-06-18,33.0,23.0,27.7,3.8,3.8
2022-06-19,31.6,23.5,27.3,1.6,1.6
2022-06-20,31.8,23.9,27.3,1.8,1.8
2022-06-21,32.0,22.9,26.4,10.7,10.7
2022-06-22,31.2,23.2,26.7,0.3,0.3
2022-06-23,31.8,23.5,27.8,0.2,0.2
2022-06-24,32.0,24.6,27.8,0.1,0.1
2022-06-25,30.5,24.4,26.4,6.5,6.5
2022-06-26,27.8,22.9,24.8,23.6,23.6
2022-06-27,28.1,22.9,24.9,12.7,12.7
2022-06-28,29.2,22.8,25.7,7.9,7.9
2022-06-29,31.3,23.5,26.9,1.1,1.1
2022-06-30,30.3,23.0,26.4,2.6,2.6
2022-07-01,31.5,23.2,26.5,0.6,0.6
2022-07-02,31.4,23.1,26.7,2.9,2.9
2022-07-03,30.8,23.6,26.7,3.6,3.6
2022-07-04,29.4,22.9,25.4,6.1,6.1
2022-07-05,27.0,22.9,24.5,10.0,10.0
2022-07-06,26.0,22.4,23.7,20.3,20.3
2022-07-07,28.9,22.8,24.7,21.0,21.0
2022-07-08,24.1,22.5,23.1,27.4,27.4
2022-07-09,23.5,22.2,22.7,55.8,55.8
2022-07-10,23.1,21.9,22.5,39.9,39.9
2022-07-11,26.4,21.9,23.5,10.5,10.5
2022-07-12,23.0,21.6,22.3,36.3,36.3
2022-07-13,24.0,21.6,22.5,21.3,21.3
2022-07-14,26.5,21.9,23.8,2.0,2.0
2022-07-15,27.9,22.5,25.0,0.7,0.7
2022-07-16,29.9,22.6,25.6,3.3,3.3
2022-07-17,26.3,22.8,24.2,13.6,13.6
2022-07-18,28.7,22.8,24.3,8.8,8.8
2022-07-19,29.9,22.2,25.5,1.3,1.3
2022-07-20,30.6,22.9,26.3,0.2,0.2
2022-07-21,29.0,23.0,25.6,0.4,0.4
2022-07-22,28.2,23.0,24.3,22.8,22.8
2022-07-23,26.5,22.2,23.6,16.2,16.2
2022-07-24,26.5,22.1,23.8,2.0,2.0
2022-07-25,28.0,22.1,24.1,13.1,13.1
2022-07-26,28.0,22.0,24.2,3.0,3.0
2022-07-27,29.8,21.5,25.1,2.3,2.3
2022-07-28,29.9,21.8,25.2,1.6,1.6
2022-07-29,30.2,21.9,25.6,2.3,2.3
2022-07-30,29.6,22.6,25.9,3.8,3.8
2022-07-31,29.5,22.9,26.1,0.5,0.5
2022-08-01,29.5,22.8,25.6,5.0,5.0
2022-08-02,30.1,22.6,25.8,6.2,6.2
2022-08-03,29.9,23.0,25.4,3.4,3.4
2022-08-04,30.0,22.6,25.2,7.3,7.3
2022-08-05,29.0,22.4,24.7,6.4,6.4
2022-08-06,29.5,22.8,24.9,20.2,20.2
2022-08-07,28.3,22.5,24.3,12.7,12.7
2022-08-08,24.5,22.1,22.9,22.7,22.7
2022-08-09,25.0,22.1,23.6,6.2,6.2
2022-08-10,28.5,22.0,25.1,0.3,0.3
2022-08-11,28.8,23.1,25.4,0.9,0.9
2022-08-12,29.2,23.2,25.8,0.5,0.5
2022-08-13,28.4,22.6,25.2,0.2,0.2
2022-08-14,25.9,22.5,23.8,7.0,7.0
2022-08-15,27.0,21.8,23.5,7.4,7.4
2022-08-16,29.4,21.8,25.1,0.0,0.0
2022-08-17,29.9,22.1,25.8,0.0,0.0
2022-08-18,30.5,22.8,26.1,0.1,0.1
2022-08-19,29.5,23.4,26.0,0.1,0.1
2022-08-20,29.1,23.4,25.6,0.9,0.9
2022-08-21,29.6,23.1,26.0,0.5,0.5
2022-08-22,29.6,22.3,25.4,0.2,0.2
2022-08-23,30.0,22.2,25.5,0.3,0.3
2022-08-24,30.2,22.8,26.0,1.6,1.6
2022-08-25,30.0,22.0,25.3,4.2,4.2
2022-08-26,30.7,21.9,25.8,1.0,1.0
2022-08-27,30.4,22.6,25.6,1.7,1.7
2022-08-28,30.0,21.7,26.0,0.6,0.6
2022-08-29,30.0,23.0,25.5,8.8,8.8
2022-08-30,30.5,21.8,25.7,0.7,0.7
2022-08-31,30.6,22.3,25.7,8.7,8.7
2022-09-01,30.5,22.8,25.4,7.2,7.2
2022-09-02,30.4,22.1,25.7,0.4,0.4
2022-09-03,31.2,22.1,26.7,2.6,2.6
2022-09-04,30.0,22.2,25.8,10.5,10.5
2022-09-05,30.4,21.9,25.6,2.5,2.5
2022-09-06,30.0,22.0,25.2,10.9,10.9
2022-09-07,30.2,22.1,25.0,19.5,19.5
2022-09-08,28.5,21.9,24.4,10.9,10.9
2022-09-09,28.1,22.5,24.4,24.5,24.5
2022-09-10,27.9,22.5,24.0,20.3,20.3
2022-09-11,26.1,22.2,23.5,9.2,9.2
2022-09-12,27.2,22.4,24.5,1.6,1.6
2022-09-13,28.8,22.9,25.3,0.5,0.5
2022-09-14,29.1,22.0,25.2,0.9,0.9
2022-09-15,29.1,22.2,25.2,0.2,0.2
2022-09-16,29.1,22.4,25.3,0.0,0.0
2022-09-17,29.6,22.2,25.3,0.3,0.3
2022-09-18,29.4,22.5,25.3,0.1,0.1
2022-09-19,29.0,22.8,25.2,3.2,3.2
2022-09-20,26.1,22.1,24.0,1.8,1.8
2022-09-21,28.8,21.7,24.9,0.8,0.8
2022-09-22,27.9,22.3,24.6,3.6,3.6
2022-09-23,28.3,21.8,24.3,0.8,0.8
2022-09-24,29.1,21.6,24.8,0.0,0.0
2022-09-25,29.3,21.3,24.9,0.7,0.7
2022-09-26,30.1,21.6,25.2,3.1,3.1
2022-09-27,29.4,22.2,25.2,2.2,2.2
2022-09-28,29.2,21.7,24.9,14.6,14.6
2022-09-29,29.0,21.9,24.0,25.5,25.5
2022-09-30,29.2,22.1,25.2,8.5,8.5
2022-10-01,29.5,22.0,25.0,1.3,1.3
2022-10-02,30.0,21.0,25.2,0.0,0.0
2022-10-03,30.3,22.8,25.8,0.1,0.1
2022-10-04,30.1,22.8,25.9,0.0,0.0
2022-10-05,28.6,22.3,24.5,10.9,10.9
2022-10-06,25.6,21.5,22.8,21.1,21.1
2022-10-07,28.6,20.7,24.3,2.3,2.3
2022-10-08,28.9,21.1,24.5,3.5,3.5
2022-10-09,28.0,21.4,24.1,2.6,2.6
2022-10-10,27.9,22.0,24.0,1.5,1.5
2022-10-11,28.5,22.0,24.4,3.2,3.2
2022-10-12,29.1,21.6,24.2,11.8,11.8
2022-10-13,29.0,21.0,24.3,3.8,3.8
2022-10-14,28.0,21.0,23.4,2.0,2.0
2022-10-15,26.8,20.9,23.6,5.0,5.0
2022-10-16,26.7,20.9,23.1,6.0,6.0
2022-10-17,28.7,21.2,24.6,2.0,2.0
2022-10-18,28.5,21.2,24.4,0.4,0.4
2022-10-19,29.3,21.1,24.3,1.1,1.1
2022-10-20,28.4,21.1,23.8,2.8,2.8
2022-10-21,29.0,20.0,24.2,0.0,0.0
2022-10-22,27.9,18.9,22.9,0.0,0.0
2022-10-23,27.8,17.7,22.0,0.0,0.0
2022-10-24,28.0,16.8,21.8,0.0,0.0
2022-10-25,28.2,16.4,21.6,0.0,0.0
2022-10-26,28.1,15.6,22.0,0.0,0.0
2022-10-27,28.1,17.0,22.3,0.0,0.0
2022-10-28,28.9,16.5,22.9,0.0,0.0
2022-10-29,28.5,18.5,22.7,0.0,0.0
2022-10-30,28.5,17.4,22.2,0.0,0.0
2022-10-31,28.0,16.9,21.9,0.0,0.0
2022-11-01,27.1,17.8,22.2,0.2,0.2
2022-11-02,27.5,18.6,22.7,0.0,0.0
2022-11-03,29.8,19.3,24.1,0.3,0.3
2022-11-04,29.3,19.4,24.1,0.6,0.6
2022-11-05,29.9,18.9,23.9,0.0,0.0
2022-11-06,29.4,17.4,23.1,0.0,0.0
2022-11-07,29.7,16.5,23.2,0.0,0.0
2022-11-08,29.5,16.7,23.1,0.0,0.0
2022-11-09,29.0,15.9,22.4,0.0,0.0
2022-11-10,29.1,16.6,22.9,0.0,0.0
2022-11-11,29.4,19.3,23.9,0.0,0.0
2022-11-12,29.4,18.8,23.9,0.0,0.0
2022-11-13,29.6,18.1,23.3,0.0,0.0
2022-11-14,29.9,17.8,23.1,0.0,0.0
2022-11-15,29.7,18.2,22.9,0.0,0.0
2022-11-16,28.9,14.6,21.7,0.0,0.0
2022-11-17,29.0,14.4,21.4,0.0,0.0
2022-11-18,28.4,16.6,22.0,0.0,0.0
2022-11-19,26.8,16.5,21.2,0.0,0.0
2022-11-20,26.4,14.9,20.4,0.0,0.0
2022-11-21,29.2,17.5,23.4,0.0,0.0
2022-11-22,30.1,20.9,25.0,0.0,0.0
2022-11-23,29.9,20.4,24.6,0.0,0.0
2022-11-24,28.6,20.0,24.3,0.8,0.8
2022-11-25,30.5,20.0,24.5,0.0,0.0
2022-11-26,30.2,18.3,23.8,0.0,0.0
2022-11-27,30.0,16.9,23.3,0.0,0.0
2022-11-28,29.5,17.4,22.8,0.0,0.0
2022-11-29,28.5,15.4,21.6,0.0,0.0
2022-11-30,28.1,13.7,21.2,0.0,0.0
2022-12-01,29.4,17.0,23.1,0.0,0.0
2022-12-02,29.2,17.7,23.8,0.0,0.0
2022-12-03,29.3,19.0,24.0,0.1,0.1
2022-12-04,29.8,19.0,24.0,0.0,0.0
2022-12-05,28.8,17.3,22.5,0.0,0.0
2022-12-06,29.8,15.9,22.1,0.0,0.0
2022-12-07,28.9,16.8,22.0,0.0,0.0
2022-12-08,26.9,15.8,20.7,0.0,0.0
2022-12-09,27.5,15.6,21.5,0.0,0.0
2022-12-10,27.0,17.9,22.2,3.8,3.8
2022-12-11,25.8,20.1,21.6,11.1,11.1
2022-12-12,26.9,20.1,22.5,1.3,1.3
2022-12-13,27.0,20.8,22.9,2.3,2.3
2022-12-14,28.5,19.5,23.0,0.0,0.0
2022-12-15,28.9,18.9,23.6,0.0,0.0
2022-12-16,29.9,18.9,24.2,0.0,0.0
2022-12-17,29.9,19.1,24.0,0.0,0.0
2022-12-18,28.3,17.4,22.5,0.0,0.0
2022-12-19,28.0,15.1,21.2,0.0,0.0
2022-12-20,28.9,15.3,21.6,0.0,0.0
2022-12-21,29.3,15.6,21.9,0.0,0.0
2022-12-22,29.4,16.0,22.1,0.0,0.0
2022-12-23,30.2,15.1,22.1,0.0,0.0
2022-12-24,29.6,14.9,21.8,0.0,0.0
2022-12-25,29.0,14.6,21.4,0.0,0.0
2022-12-26,28.6,18.1,23.0,0.3,0.3
2022-12-27,30.1,19.4,24.0,0.0,0.0
2022-12-28,31.0,18.8,24.8,0.0,0.0
2022-12-29,30.5,18.9,25.0,0.0,0.0
2022-12-30,30.4,19.1,24.7,0.0,0.0
2022-12-31,30.8,18.7,24.8,0.0,0.0
2023-01-01,30.0,20.0,24.1,0.0,0.0
2023-01-02,29.4,18.5,23.6,0.0,0.0
2023-01-03,28.6,18.0,22.9,0.0,0.0
2023-01-04,28.6,18.0,22.2,0.0,0.0
2023-01-05,26.8,17.8,21.7,0.9,0.9
2023-01-06,27.1,18.0,21.7,0.3,0.3
2023-01-07,27.0,16.8,21.0,0.0,0.0
2023-01-08,26.1,13.1,18.7,0.0,0.0
2023-01-09,27.0,11.1,18.7,0.0,0.0
2023-01-10,28.3,13.8,20.4,0.0,0.0
2023-01-11,28.2,12.6,20.3,0.0,0.0
2023-01-12,29.0,13.4,21.1,0.0,0.0
2023-01-13,29.0,14.6,21.6,0.0,0.0
2023-01-14,29.3,16.2,22.0,0.0,0.0
2023-01-15,29.2,16.2,22.1,0.0,0.0
2023-01-16,29.6,15.9,22.3,0.0,0.0
2023-01-17,29.5,15.1,21.7,0.0,0.0
2023-01-18,29.5,14.9,21.8,0.0,0.0
2023-01-19,28.8,15.0,21.8,0.0,0.0
2023-01-20,28.1,16.5,22.0,0.0,0.0
2023-01-21,28.2,15.9,21.7,0.0,0.0
2023-01-22,28.4,15.0,21.6,0.0,0.0
2023-01-23,27.8,15.8,21.7,0.0,0.0
2023-01-24,29.0,16.8,22.1,0.0,0.0
2023-01-25,28.4,16.5,21.6,0.0,0.0
2023-01-26,29.0,14.6,21.1,0.0,0.0
2023-01-27,28.8,15.4,21.8,0.0,0.0
2023-01-28,29.8,15.5,22.2,0.0,0.0
2023-01-29,29.1,15.1,22.4,0.0,0.0
2023-01-30,29.2,17.0,22.8,0.0,0.0
2023-01-31,30.0,18.3,23.3,0.0,0.0
2023-02-01,29.9,17.0,22.8,0.0,0.0
2023-02-02,29.3,17.6,22.6,0.0,0.0
2023-02-03,29.8,15.1,22.1,0.0,0.0
2023-02-04,30.3,15.9,22.8,0.0,0.0
2023-02-05,30.4,15.6,22.5,0.0,0.0
2023-02-06,30.7,15.9,23.1,0.0,0.0
2023-02-07,31.4,17.4,24.7,0.0,0.0
2023-02-08,32.5,18.5,24.8,0.0,0.0
2023-02-09,32.3,17.6,24.4,0.0,0.0
2023-02-10,32.8,17.9,24.9,0.0,0.0
2023-02-11,33.5,16.5,25.1,0.0,0.0
2023-02-12,33.2,17.2,25.4,0.0,0.0
2023-02-13,31.6,17.4,23.6,0.0,0.0
2023-02-14,31.6,14.4,22.6,0.0,0.0
2023-02-15,32.8,15.8,23.8,0.0,0.0
2023-02-16,33.3,17.7,24.8,0.0,0.0
2023-02-17,32.5,17.3,24.0,0.0,0.0
2023-02-18,31.5,17.5,24.4,0.0,0.0
2023-02-19,31.6,18.9,25.0,0.0,0.0
2023-02-20,32.8,16.9,25.2,0.0,0.0
2023-02-21,34.2,17.0,25.9,0.0,0.0
2023-02-22,34.8,17.4,26.2,0.0,0.0
2023-02-23,34.3,17.3,25.7,0.0,0.0
2023-02-24,34.4,20.0,26.5,0.0,0.0
2023-02-25,34.6,20.6,26.6,0.0,0.0
2023-02-26,33.7,18.9,26.1,0.0,0.0
2023-02-27,33.2,17.8,25.4,0.0,0.0
2023-02-28,32.9,18.5,25.7,0.0,0.0
2023-03-01,32.8,19.0,26.0,0.0,0.0
2023-03-02,33.2,18.4,25.7,0.0,0.0
2023-03-03,34.2,18.0,26.0,0.0,0.0
2023-03-04,34.0,20.8,27.0,0.0,0.0
2023-03-05,34.0,18.6,26.2,0.0,0.0
2023-03-06,34.4,18.2,26.5,0.0,0.0
2023-03-07,32.0,19.7,25.9,0.0,0.0
2023-03-08,33.2,19.0,26.2,0.0,0.0
2023-03-09,33.5,19.8,26.4,0.0,0.0
2023-03-10,33.8,19.8,26.6,0.0,0.0
2023-03-11,33.3,19.2,26.2,0.0,0.0
2023-03-12,33.7,19.4,26.4,0.0,0.0
2023-03-13,33.8,18.8,26.4,0.0,0.0
2023-03-14,34.5,19.6,27.1,0.0,0.0
2023-03-15,34.8,18.5,26.9,0.0,0.0
2023-03-16,31.0,20.3,24.3,9.7,9.7
2023-03-17,26.8,18.9,22.2,29.6,29.6
2023-03-18,26.5,19.1,21.7,17.6,17.6
2023-03-19,29.0,17.6,22.6,0.3,0.3
2023-03-20,29.5,18.5,23.3,0.0,0.0
2023-03-21,29.9,16.9,23.5,0.0,0.0
2023-03-22,30.9,18.3,24.7,0.0,0.0
2023-03-23,31.1,18.8,25.1,0.0,0.0
2023-03-24,32.2,19.6,25.9,0.0,0.0
2023-03-25,31.1,20.9,26.0,0.7,0.7
2023-03-26,33.2,21.2,26.6,0.0,0.0
2023-03-27,33.6,20.8,26.5,0.0,0.0
2023-03-28,34.3,20.5,27.2,0.0,0.0
2023-03-29,34.8,21.0,27.8,0.0,0.0
2023-03-30,35.0,21.3,28.4,0.0,0.0
2023-03-31,33.6,21.5,27.2,0.0,0.0
2023-04-01,33.2,21.1,27.1,0.0,0.0
2023-04-02,33.4,20.8,27.2,0.5,0.5
2023-04-03,34.2,21.4,27.9,0.0,0.0
2023-04-04,35.1,22.4,28.5,0.0,0.0
2023-04-05,34.3,21.4,28.6,0.0,0.0
2023-04-06,33.7,22.5,27.5,2.5,2.5
2023-04-07,34.8,22.9,26.9,1.5,1.5
2023-04-08,33.2,21.8,26.8,0.1,0.1
2023-04-09,34.4,22.4,28.0,0.0,0.0
2023-04-10,35.7,21.4,28.2,0.0,0.0
2023-04-11,36.6,21.8,28.9,0.0,0.0
2023-04-12,37.1,22.4,29.8,0.0,0.0
2023-04-13,37.6,23.5,30.6,0.0,0.0
2023-04-14,37.0,24.3,30.5,0.0,0.0
2023-04-15,36.3,24.0,29.7,0.0,0.0
2023-04-16,36.5,23.4,30.1,0.0,0.0
2023-04-17,37.0,24.5,30.7,0.0,0.0
2023-04-18,38.5,24.9,31.1,0.0,0.0
2023-04-19,38.0,22.9,30.6,0.0,0.0
2023-04-20,37.8,24.1,31.0,0.0,0.0
2023-04-21,35.0,23.1,28.8,1.6,1.6
2023-04-22,35.1,22.6,28.9,0.0,0.0
2023-04-23,35.0,21.9,28.7,0.0,0.0
2023-04-24,33.0,23.6,28.0,4.2,4.2
2023-04-25,33.8,23.9,27.6,16.2,16.2
2023-04-26,32.2,21.5,26.6,2.5,2.5
2023-04-27,30.3,23.1,25.6,17.3,17.3
2023-04-28,31.1,22.0,26.8,0.5,0.5
2023-04-29,30.1,21.4,25.6,19.4,19.4
2023-04-30,29.6,21.5,24.7,17.7,17.7
2023-05-01,29.9,20.0,24.4,9.9,9.9
2023-05-02,30.1,22.3,24.9,7.0,7.0
2023-05-03,30.4,22.3,25.8,1.0,1.0
2023-05-04,31.4,21.5,26.3,0.2,0.2
2023-05-05,29.6,21.1,25.1,8.7,8.7
2023-05-06,32.0,21.8,26.8,1.8,1.8
2023-05-07,32.7,24.6,28.1,0.0,0.0
2023-05-08,34.1,23.8,28.5,0.0,0.0
2023-05-09,32.2,23.9,27.3,4.3,4.3
2023-05-10,33.3,24.1,27.7,15.3,15.3
2023-05-11,36.2,24.0,29.3,0.2,0.2
2023-05-12,37.4,22.4,29.6,0.0,0.0
2023-05-13,38.3,22.4,29.8,0.0,0.0
2023-05-14,37.8,22.2,30.2,0.0,0.0
2023-05-15,37.2,24.5,30.4,0.0,0.0
2023-05-16,36.7,23.9,29.6,0.0,0.0
2023-05-17,36.6,21.4,29.4,0.0,0.0
2023-05-18,36.9,23.5,30.4,0.0,0.0
2023-05-19,37.7,24.9,31.4,0.0,0.0
2023-05-20,36.5,24.1,30.3,0.1,0.1
2023-05-21,36.8,24.2,30.6,0.0,0.0
2023-05-22,36.2,22.5,29.1,15.1,15.1
2023-05-23,36.3,23.5,30.3,0.0,0.0
2023-05-24,36.4,24.1,30.3,3.4,3.4
2023-05-25,35.8,25.6,30.3,1.0,1.0
2023-05-26,36.2,25.2,30.4,0.0,0.0
2023-05-27,36.0,25.0,30.2,0.0,0.0
2023-05-28,36.7,24.1,30.7,0.0,0.0
2023-05-29,35.8,23.9,29.8,9.0,9.0
2023-05-30,33.9,22.5,28.3,11.0,11.0
2023-05-31,37.1,25.1,31.0,0.0,0.0
2023-06-01,38.0,25.5,31.1,0.0,0.0
2023-06-02,38.2,26.2,31.5,0.0,0.0
2023-06-03,37.5,26.0,31.4,0.0,0.0
2023-06-04,34.7,24.2,28.1,6.3,6.3
2023-06-05,35.0,23.8,29.3,0.0,0.0
2023-06-06,35.0,25.8,29.6,1.9,1.9
2023-06-07,37.0,27.1,31.2,0.1,0.1
2023-06-08,36.6,27.6,31.2,0.0,0.0
2023-06-09,37.1,26.9,31.1,0.0,0.0
2023-06-10,36.8,27.0,31.0,0.3,0.3
2023-06-11,35.0,27.0,30.3,0.0,0.0
2023-06-12,36.1,26.9,30.6,0.0,0.0
2023-06-13,36.8,26.9,31.1,0.0,0.0
2023-06-14,36.6,26.9,31.2,0.0,0.0
2023-06-15,36.3,26.9,31.1,0.0,0.0
2023-06-16,36.8,27.1,31.5,0.0,0.0
2023-06-17,36.7,27.3,31.4,0.0,0.0
2023-06-18,36.5,28.0,31.6,0.0,0.0
2023-06-19,36.3,27.9,31.4,0.1,0.1
2023-06-20,36.2,27.2,31.0,0.4,0.4
2023-06-21,35.3,24.4,29.5,9.3,9.3
2023-06-22,34.3,24.4,27.7,4.7,4.7
2023-06-23,33.2,24.4,27.1,11.2,11.2
2023-06-24,29.3,23.5,25.8,16.5,16.5
2023-06-25,31.6,23.4,26.5,3.9,3.9
2023-06-26,30.5,24.0,25.7,3.1,3.1
2023-06-27,31.9,24.1,27.0,1.0,1.0
2023-06-28,31.5,23.6,27.0,1.6,1.6
2023-06-29,32.1,23.9,27.6,0.1,0.1
2023-06-30,32.3,23.8,27.7,0.3,0.3
2023-07-01,33.1,24.5,28.5,0.3,0.3
2023-07-02,33.0,24.1,28.2,0.8,0.8
2023-07-03,32.7,23.7,27.7,1.9,1.9
2023-07-04,32.7,25.0,28.3,0.2,0.2
2023-07-05,30.2,23.6,26.6,3.3,3.3
2023-07-06,28.0,23.5,24.9,10.9,10.9
2023-07-07,29.8,22.9,26.3,2.9,2.9
2023-07-08,31.0,23.8,26.3,0.8,0.8
2023-07-09,31.2,23.6,26.8,1.2,1.2
2023-07-10,30.4,24.7,27.0,0.1,0.1
2023-07-11,29.1,24.4,26.2,0.0,0.0
2023-07-12,30.7,23.7,26.5,1.8,1.8
2023-07-13,31.5,23.2,27.0,0.7,0.7
2023-07-14,31.4,23.1,26.7,1.4,1.4
2023-07-15,30.5,23.7,26.6,0.9,0.9
2023-07-16,27.3,23.7,25.1,7.0,7.0
2023-07-17,29.1,23.0,24.9,6.4,6.4
2023-07-18,25.7,22.6,23.7,29.1,29.1
2023-07-19,26.4,22.2,23.7,28.8,28.8
2023-07-20,24.0,22.4,23.1,28.9,28.9
2023-07-21,27.5,22.6,24.4,17.8,17.8
2023-07-22,28.7,23.0,24.8,4.0,4.0
2023-07-23,28.5,23.1,24.7,17.4,17.4
2023-07-24,27.9,22.9,24.6,9.9,9.9
2023-07-25,27.4,22.5,24.3,16.1,16.1
2023-07-26,26.9,22.9,24.1,23.8,23.8
2023-07-27,24.1,22.5,23.1,82.7,82.7
2023-07-28,29.4,22.8,25.2,0.8,0.8
2023-07-29,29.8,23.2,25.7,0.8,0.8
2023-07-30,30.0,22.9,25.8,2.9,2.9
2023-07-31,27.8,23.5,25.6,1.1,1.1
2023-08-01,28.9,23.5,25.9,1.6,1.6
2023-08-02,28.6,23.4,25.8,0.2,0.2
2023-08-03,29.5,23.0,25.7,0.7,0.7
2023-08-04,30.0,22.6,26.0,1.7,1.7
2023-08-05,30.7,22.8,26.3,0.4,0.4
2023-08-06,30.5,22.9,26.3,0.4,0.4
2023-08-07,30.0,23.1,26.1,0.3,0.3
2023-08-08,29.9,22.8,26.1,0.0,0.0
2023-08-09,30.5,23.2,26.4,0.4,0.4
2023-08-10,30.8,23.4,26.6,0.7,0.7
2023-08-11,30.7,23.1,26.8,0.3,0.3
2023-08-12,31.2,23.8,26.8,0.1,0.1
2023-08-13,30.6,23.6,26.8,0.0,0.0
2023-08-14,30.8,23.6,26.7,0.1,0.1
2023-08-15,30.2,23.1,26.2,3.8,3.8
2023-08-16,29.5,23.4,26.1,3.8,3.8
2023-08-17,29.5,23.8,26.3,0.9,0.9
2023-08-18,28.5,23.4,25.1,3.3,3.3
2023-08-19,27.2,22.3,24.2,5.2,5.2
2023-08-20,29.9,22.0,25.4,1.4,1.4
2023-08-21,30.4,22.8,26.0,0.0,0.0
2023-08-22,29.8,22.7,26.0,2.0,2.0
2023-08-23,30.6,23.2,26.6,0.0,0.0
2023-08-24,31.0,23.5,26.8,0.3,0.3
2023-08-25,31.4,24.1,26.9,4.4,4.4
2023-08-26,31.0,22.7,26.3,0.7,0.7
2023-08-27,31.6,23.3,26.9,0.0,0.0
2023-08-28,31.2,23.5,26.3,0.6,0.6
2023-08-29,30.5,22.6,25.9,0.5,0.5
2023-08-30,31.3,22.0,26.4,0.1,0.1
2023-08-31,31.8,22.2,27.0,0.0,0.0
2023-09-01,32.3,22.6,26.7,8.9,8.9
2023-09-02,31.0,22.7,26.5,23.3,23.3
2023-09-03,29.2,22.8,24.8,27.9,27.9
2023-09-04,24.7,22.3,23.5,30.0,30.0
2023-09-05,26.3,22.0,23.5,27.0,27.0
2023-09-06,27.8,22.5,25.0,9.7,9.7
2023-09-07,29.1,23.0,25.3,1.7,1.7
2023-09-08,28.8,23.1,25.3,8.5,8.5
2023-09-09,29.5,23.0,25.4,3.3,3.3
2023-09-10,29.3,22.8,25.2,14.1,14.1
2023-09-11,29.4,23.1,25.9,0.0,0.0
2023-09-12,29.5,22.6,25.7,0.2,0.2
2023-09-13,29.9,22.9,25.8,0.2,0.2
2023-09-14,28.5,23.8,25.6,0.1,0.1
2023-09-15,29.8,23.6,26.1,0.1,0.1
2023-09-16,29.6,23.6,26.0,1.1,1.1
2023-09-17,29.6,22.8,25.9,0.1,0.1
2023-09-18,30.8,23.2,26.5,0.7,0.7
2023-09-19,31.3,23.4,26.7,0.0,0.0
2023-09-20,31.0,24.0,26.6,3.2,3.2
2023-09-21,29.6,23.0,25.6,3.8,3.8
2023-09-22,29.1,22.6,25.1,1.9,1.9
2023-09-23,29.4,22.6,25.4,8.2,8.2
2023-09-24,28.4,22.1,24.9,3.1,3.1
2023-09-25,29.0,22.5,24.8,3.3,3.3
2023-09-26,30.0,22.4,25.4,7.7,7.7
2023-09-27,30.1,22.1,25.6,5.7,5.7
2023-09-28,30.9,22.1,25.6,17.0,17.0
2023-09-29,30.1,22.4,25.4,30.9,30.9
2023-09-30,30.0,21.9,25.5,1.9,1.9
2023-10-01,30.2,22.6,25.6,6.9,6.9
2023-10-02,30.5,22.8,26.2,0.8,0.8
2023-10-03,31.4,24.6,27.0,0.0,0.0
2023-10-04,31.4,23.1,26.8,0.0,0.0
2023-10-05,31.5,21.5,25.7,0.0,0.0
2023-10-06,31.6,20.9,25.3,0.0,0.0
2023-10-07,31.9,20.8,25.8,0.0,0.0
2023-10-08,31.9,19.9,26.0,0.0,0.0
2023-10-09,32.6,20.8,26.6,0.0,0.0
2023-10-10,32.0,21.7,25.9,24.6,24.6
2023-10-11,33.4,20.6,26.6,0.0,0.0
2023-10-12,32.6,21.6,26.7,0.0,0.0
2023-10-13,32.3,21.1,26.6,0.0,0.0
2023-10-14,32.0,22.6,26.9,0.0,0.0
2023-10-15,32.3,21.5,26.7,0.0,0.0
2023-10-16,31.0,22.4,26.6,0.8,0.8
2023-10-17,31.4,21.5,26.4,0.2,0.2
2023-10-18,31.4,22.0,26.1,0.1,0.1
2023-10-19,32.6,20.0,26.3,0.0,0.0
2023-10-20,32.3,20.7,26.4,0.0,0.0
2023-10-21,31.1,20.8,25.7,0.0,0.0
2023-10-22,31.5,20.2,25.2,0.0,0.0
2023-10-23,30.7,18.4,24.3,0.0,0.0
2023-10-24,30.7,16.6,23.7,0.0,0.0
2023-10-25,30.9,17.1,23.9,0.0,0.0
2023-10-26,30.2,17.2,23.6,0.0,0.0
2023-10-27,30.6,16.6,23.9,0.0,0.0
2023-10-28,30.9,17.0,24.4,0.1,0.1
2023-10-29,31.1,20.1,25.1,1.8,1.8
2023-10-30,29.6,19.9,24.5,0.3,0.3
2023-10-31,29.9,20.1,24.8,0.0,0.0
2023-11-01,30.7,20.1,24.8,0.0,0.0
2023-11-02,30.5,19.9,24.5,4.5,4.5
2023-11-03,30.8,20.4,24.7,1.9,1.9
2023-11-04,30.0,20.4,25.0,1.7,1.7
2023-11-05,30.0,20.0,25.0,0.0,0.0
2023-11-06,30.1,21.3,24.5,6.5,6.5
2023-11-07,29.5,21.0,24.0,8.3,8.3
2023-11-08,29.5,21.1,24.1,9.0,9.0
2023-11-09,28.9,20.9,24.3,0.0,0.0
2023-11-10,29.4,20.6,24.5,0.0,0.0
2023-11-11,29.6,19.0,24.2,0.0,0.0
2023-11-12,30.7,19.9,24.8,0.0,0.0
2023-11-13,30.0,18.8,24.4,0.0,0.0
2023-11-14,29.7,19.2,24.2,0.0,0.0
2023-11-15,29.4,18.5,23.8,0.0,0.0
2023-11-16,29.5,18.8,23.6,0.0,0.0
2023-11-17,29.8,18.1,23.6,0.0,0.0
2023-11-18,29.7,18.5,24.0,0.0,0.0
2023-11-19,29.8,18.9,24.0,0.0,0.0
2023-11-20,29.9,18.5,24.0,0.0,0.0
2023-11-21,28.8,19.5,24.2,0.9,0.9
2023-11-22,29.0,19.5,24.2,0.9,0.9
2023-11-23,27.6,20.2,23.3,1.2,1.2
2023-11-24,27.1,20.5,23.0,7.2,7.2
2023-11-25,28.5,19.8,23.6,0.0,0.0
2023-11-26,28.4,20.6,23.9,0.2,0.2
2023-11-27,29.0,19.6,23.9,0.0,0.0
2023-11-28,29.5,20.1,23.5,5.9,5.9
2023-11-29,28.9,20.0,23.9,0.8,0.8
2023-11-30,29.3,20.2,24.1,0.0,0.0
2023-12-01,29.2,19.2,23.4,0.0,0.0
2023-12-02,29.6,17.9,23.7,0.0,0.0
2023-12-03,30.2,19.4,24.5,0.0,0.0
2023-12-04,28.0,20.8,23.8,1.0,1.0
2023-12-05,25.5,20.6,22.2,6.2,6.2
2023-12-06,28.8,19.5,22.7,3.1,3.1
2023-12-07,27.9,18.6,22.3,0.0,0.0
2023-12-08,28.2,16.7,22.2,0.0,0.0
2023-12-09,28.6,17.2,22.7,0.0,0.0
2023-12-10,28.4,16.8,22.1,0.0,0.0
2023-12-11,27.6,16.2,21.5,0.0,0.0
2023-12-12,27.5,15.6,21.2,0.0,0.0
2023-12-13,27.3,15.6,21.2,0.0,0.0
2023-12-14,26.4,16.0,20.7,0.0,0.0
2023-12-15,26.6,15.9,21.3,0.0,0.0
2023-12-16,26.5,17.1,22.1,0.0,0.0
2023-12-17,27.3,17.6,22.5,0.0,0.0
2023-12-18,27.1,17.1,21.6,0.0,0.0
2023-12-19,26.8,16.8,21.2,0.0,0.0
2023-12-20,26.9,15.9,20.5,0.0,0.0
2023-12-21,27.9,13.8,20.4,0.0,0.0
2023-12-22,28.1,13.2,20.5,0.0,0.0
2023-12-23,28.1,16.5,21.3,0.0,0.0
2023-12-24,28.4,16.0,21.2,0.0,0.0
2023-12-25,28.3,16.4,21.3,0.0,0.0
2023-12-26,29.2,16.6,21.6,0.0,0.0
2023-12-27,28.2,16.9,21.7,0.0,0.0
2023-12-28,27.5,15.4,21.3,0.0,0.0
2023-12-29,27.5,14.3,20.7,0.0,0.0
2023-12-30,28.0,14.6,21.2,0.0,0.0
2023-12-31,27.9,15.1,20.8,0.0,0.0
2024-01-01,27.7,14.6,21.0,0.0,0.0
2024-01-02,27.2,14.6,20.5,0.0,0.0
2024-01-03,27.1,17.1,21.5,0.0,0.0
2024-01-04,27.6,18.2,21.9,0.0,0.0
2024-01-05,27.5,17.0,21.3,0.0,0.0
2024-01-06,27.9,16.9,21.2,0.0,0.0
2024-01-07,27.0,17.5,21.0,0.0,0.0
2024-01-08,27.4,16.5,21.6,0.0,0.0
2024-01-09,28.2,17.0,22.0,0.0,0.0
2024-01-10,26.0,17.6,21.8,0.5,0.5
2024-01-11,29.5,17.7,23.2,0.0,0.0
2024-01-12,30.0,18.6,23.5,0.0,0.0
2024-01-13,30.0,17.5,23.4,0.0,0.0
2024-01-14,30.3,17.6,23.6,0.0,0.0
2024-01-15,29.2,17.2,23.5,0.0,0.0
2024-01-16,29.8,18.3,23.7,0.0,0.0
2024-01-17,29.8,17.7,23.6,0.0,0.0
2024-01-18,28.5,18.0,22.8,0.0,0.0
2024-01-19,29.9,17.0,23.8,0.0,0.0
2024-01-20,29.0,18.9,23.5,0.0,0.0
2024-01-21,30.1,18.1,23.9,0.0,0.0
2024-01-22,31.0,20.2,24.6,0.0,0.0
2024-01-23,30.7,19.0,24.7,0.0,0.0
2024-01-24,29.6,19.1,24.4,0.0,0.0
2024-01-25,28.3,18.0,22.7,0.0,0.0
2024-01-26,29.6,17.8,23.1,0.0,0.0
2024-01-27,29.0,17.5,22.7,0.0,0.0
2024-01-28,29.0,16.4,22.4,0.0,0.0
2024-01-29,29.1,15.9,22.2,0.0,0.0
2024-01-30,29.2,16.5,22.5,0.0,0.0
2024-01-31,30.8,16.8,23.1,0.0,0.0
2024-02-01,31.0,18.2,23.9,0.0,0.0
2024-02-02,30.8,17.1,24.1,0.0,0.0
2024-02-03,29.9,19.4,24.4,0.2,0.2
2024-02-04,31.2,20.4,25.2,0.0,0.0
2024-02-05,32.3,19.0,25.8,0.0,0.0
2024-02-06,32.8,20.1,26.5,0.0,0.0
2024-02-07,33.3,20.2,26.8,0.0,0.0
2024-02-08,33.1,20.5,26.7,0.0,0.0
2024-02-09,32.3,19.3,25.7,0.0,0.0
2024-02-10,32.2,20.5,25.8,0.0,0.0
2024-02-11,32.7,19.8,25.8,0.0,0.0
2024-02-12,32.0,19.0,25.0,0.0,0.0
2024-02-13,32.3,18.0,24.6,0.0,0.0
2024-02-14,32.5,18.9,25.0,0.0,0.0
2024-02-15,32.2,18.2,24.8,0.0,0.0
2024-02-16,32.0,16.6,24.0,0.0,0.0
2024-02-17,33.0,17.2,24.6,0.0,0.0
2024-02-18,33.5,17.7,25.8,0.0,0.0
2024-02-19,33.5,18.5,26.1,0.0,0.0
2024-02-20,33.3,19.7,26.7,0.0,0.0
2024-02-21,33.3,19.9,26.8,0.0,0.0
2024-02-22,33.0,19.0,25.9,0.0,0.0
2024-02-23,32.5,19.3,25.6,0.0,0.0
2024-02-24,33.7,18.7,26.8,0.1,0.1
2024-02-25,32.0,22.3,26.3,0.4,0.4
2024-02-26,32.3,20.7,26.1,0.1,0.1
2024-02-27,33.3,19.5,26.1,0.0,0.0
2024-02-28,32.9,20.2,25.6,0.0,0.0
2024-02-29,33.7,19.6,26.1,0.0,0.0
2024-03-01,34.3,20.2,27.1,0.0,0.0
2024-03-02,35.4,20.7,28.0,0.0,0.0
2024-03-03,35.0,21.4,28.0,0.0,0.0
2024-03-04,34.8,21.0,27.9,0.0,0.0
2024-03-05,34.5,20.9,27.8,0.0,0.0
2024-03-06,36.3,23.0,29.3,0.0,0.0
2024-03-07,36.0,22.5,28.9,0.0,0.0
2024-03-08,35.8,20.8,28.5,0.0,0.0
2024-03-09,36.2,21.7,29.3,0.0,0.0
2024-03-10,34.8,23.0,28.3,0.2,0.2
2024-03-11,35.5,23.0,28.5,0.0,0.0
2024-03-12,36.3,22.6,29.7,0.0,0.0
2024-03-13,37.3,25.9,31.0,0.0,0.0
2024-03-14,35.4,23.0,29.4,0.0,0.0
2024-03-15,37.8,22.2,29.6,0.0,0.0
2024-03-16,35.1,22.3,28.5,0.4,0.4
2024-03-17,34.8,22.8,27.5,5.7,5.7
2024-03-18,34.2,23.4,27.7,0.9,0.9
2024-03-19,34.9,22.3,28.5,0.2,0.2
2024-03-20,30.8,21.8,26.1,0.2,0.2
2024-03-21,33.0,20.4,26.5,0.0,0.0
2024-03-22,35.1,19.8,27.6,0.0,0.0
2024-03-23,35.3,20.9,29.1,0.0,0.0
2024-03-24,35.3,23.0,29.6,0.0,0.0
2024-03-25,35.5,23.0,28.9,0.0,0.0
2024-03-26,36.8,22.6,29.7,0.0,0.0
2024-03-27,37.2,22.4,29.5,0.0,0.0
2024-03-28,38.2,21.9,30.0,0.0,0.0
2024-03-29,38.7,23.7,30.8,0.0,0.0
2024-03-30,38.4,23.0,30.3,0.0,0.0
2024-03-31,37.5,23.0,29.9,0.0,0.0
2024-04-01,38.0,22.6,31.0,0.0,0.0
2024-04-02,37.7,23.9,30.9,0.0,0.0
2024-04-03,38.4,24.5,31.4,0.0,0.0
2024-04-04,38.8,23.6,31.4,0.0,0.0
2024-04-05,39.2,25.8,32.1,0.0,0.0
2024-04-06,38.7,26.4,32.2,0.0,0.0
2024-04-07,39.5,25.0,32.3,0.0,0.0
2024-04-08,37.3,25.8,31.1,0.0,0.0
2024-04-09,35.0,23.8,29.4,0.0,0.0
2024-04-10,35.6,24.2,30.1,0.0,0.0
2024-04-11,35.3,24.4,29.1,0.0,0.0
2024-04-12,31.2,23.7,27.8,6.3,6.3
2024-04-13,33.0,22.5,28.0,1.8,1.8
2024-04-14,36.5,23.8,30.0,0.0,0.0
2024-04-15,37.7,23.8,30.7,0.0,0.0
2024-04-16,37.8,24.4,31.3,0.0,0.0
2024-04-17,37.8,24.9,31.7,0.1,0.1
2024-04-18,38.5,26.4,32.1,0.0,0.0
2024-04-19,37.8,26.1,32.0,0.1,0.1
2024-04-20,36.4,25.8,30.0,0.5,0.5
2024-04-21,36.9,26.2,30.5,1.7,1.7
2024-04-22,37.0,25.7,30.9,0.0,0.0
2024-04-23,39.0,23.4,30.4,0.0,0.0
2024-04-24,38.7,22.9,30.8,0.0,0.0
2024-04-25,39.0,25.5,31.7,0.0,0.0
2024-04-26,40.4,23.8,32.3,0.0,0.0
2024-04-27,38.7,24.6,32.0,0.0,0.0
2024-04-28,40.5,25.8,33.3,0.0,0.0
2024-04-29,39.6,25.5,32.9,0.0,0.0
2024-04-30,39.9,25.8,33.2,0.0,0.0
2024-05-01,40.5,28.0,33.7,0.0,0.0
2024-05-02,39.5,25.2,32.5,0.0,0.0
2024-05-03,40.4,24.0,32.5,0.0,0.0
2024-05-04,41.4,24.9,33.1,0.0,0.0
2024-05-05,40.0,26.0,33.4,0.0,0.0
2024-05-06,40.8,25.9,33.6,0.0,0.0
2024-05-07,35.0,23.9,29.3,1.6,1.6
2024-05-08,36.5,23.4,29.7,0.8,0.8
2024-05-09,36.2,23.6,29.3,0.8,0.8
2024-05-10,34.8,22.0,27.7,22.9,22.9
2024-05-11,37.2,24.2,30.7,0.0,0.0
2024-05-12,35.8,24.2,30.1,5.1,5.1
2024-05-13,34.9,24.9,29.4,1.6,1.6
2024-05-14,35.0,24.4,29.3,0.5,0.5
2024-05-15,36.1,24.5,29.7,1.0,1.0
2024-05-16,32.8,23.6,28.7,13.5,13.5
2024-05-17,32.5,23.0,27.3,2.3,2.3
2024-05-18,33.0,24.1,27.1,10.7,10.7
2024-05-19,32.8,23.7,27.1,10.3,10.3
2024-05-20,32.7,23.1,28.5,9.2,9.2
2024-05-21,34.5,24.7,29.7,0.2,0.2
2024-05-22,35.2,24.4,29.3,5.5,5.5
2024-05-23,36.2,25.0,30.3,0.0,0.0
2024-05-24,38.6,26.4,32.1,0.0,0.0
2024-05-25,37.0,27.3,31.7,0.5,0.5
2024-05-26,37.6,28.2,32.3,0.2,0.2
2024-05-27,38.0,27.9,31.5,0.0,0.0
2024-05-28,37.0,26.8,31.6,0.0,0.0
2024-05-29,38.5,27.0,32.4,0.0,0.0
2024-05-30,38.4,27.9,32.8,0.0,0.0
2024-05-31,39.5,28.0,33.6,0.0,0.0
2024-06-01,39.2,27.6,33.8,0.0,0.0
2024-06-02,37.2,26.1,29.9,25.2,25.2
2024-06-03,33.6,22.7,27.8,11.9,11.9
2024-06-04,33.5,25.2,28.8,7.4,7.4
2024-06-05,32.2,24.1,26.7,34.1,34.1
2024-06-06,34.0,23.6,27.1,38.3,38.3
2024-06-07,32.0,23.2,26.9,4.5,4.5
2024-06-08,31.3,24.0,26.4,6.3,6.3
2024-06-09,30.9,23.3,26.4,1.6,1.6
2024-06-10,29.2,23.4,25.5,10.6,10.6
2024-06-11,31.0,23.0,25.3,6.0,6.0
2024-06-12,31.1,22.5,25.7,6.2,6.2
2024-06-13,32.0,23.4,26.1,32.4,32.4
2024-06-14,30.4,23.2,25.9,8.7,8.7
2024-06-15,31.6,23.5,27.2,0.8,0.8
2024-06-16,31.1,23.9,27.5,2.1,2.1
2024-06-17,32.4,23.5,27.8,2.8,2.8
2024-06-18,32.5,23.8,27.9,0.4,0.4
2024-06-19,30.3,23.8,27.3,6.5,6.5
2024-06-20,32.1,24.5,27.8,0.6,0.6
2024-06-21,32.2,24.5,27.5,2.8,2.8
2024-06-22,29.0,23.9,25.7,15.8,15.8
2024-06-23,31.9,23.1,27.2,2.5,2.5
2024-06-24,31.5,23.8,27.7,0.1,0.1
2024-06-25,32.5,24.1,27.2,7.9,7.9
2024-06-26,31.6,24.0,26.9,7.4,7.4
2024-06-27,27.5,23.5,25.0,28.0,28.0
2024-06-28,28.9,23.0,25.2,8.9,8.9
2024-06-29,30.0,23.4,26.6,2.2,2.2
2024-06-30,28.5,23.6,25.3,11.8,11.8
2024-07-01,28.9,23.4,26.0,1.0,1.0
2024-07-02,30.9,23.6,26.4,1.8,1.8
2024-07-03,30.7,23.5,26.6,0.0,0.0
2024-07-04,31.2,24.0,27.0,0.1,0.1
2024-07-05,30.8,23.7,26.2,2.4,2.4
2024-07-06,29.6,23.2,25.6,9.9,9.9
2024-07-07,28.9,22.8,25.2,9.3,9.3
2024-07-08,29.1,22.6,24.8,25.9,25.9
2024-07-09,29.3,23.0,25.3,8.6,8.6
2024-07-10,31.1,22.6,26.4,2.1,2.1
2024-07-11,31.0,23.0,26.3,12.0,12.0
2024-07-12,30.9,23.3,26.2,3.3,3.3
2024-07-13,30.5,23.1,25.9,3.6,3.6
2024-07-14,26.2,23.0,24.4,17.7,17.7
2024-07-15,29.1,23.2,24.7,5.4,5.4
2024-07-16,29.8,23.0,25.6,8.8,8.8
2024-07-17,28.6,22.9,25.1,3.6,3.6
2024-07-18,27.5,23.0,24.9,10.8,10.8
2024-07-19,27.5,22.4,23.9,28.3,28.3
2024-07-20,25.9,22.6,23.4,20.6,20.6
2024-07-21,27.6,22.4,24.1,13.5,13.5
2024-07-22,25.8,22.8,24.0,10.2,10.2
2024-07-23,26.6,23.0,24.3,11.9,11.9
2024-07-24,24.5,22.4,23.3,25.7,25.7
2024-07-25,24.9,22.4,23.2,18.2,18.2
2024-07-26,27.2,22.0,23.9,13.5,13.5
2024-07-27,25.5,22.9,23.7,10.5,10.5
2024-07-28,28.6,22.6,25.1,4.8,4.8
2024-07-29,29.3,23.3,25.3,3.8,3.8
2024-07-30,29.9,23.4,26.0,0.0,0.0
2024-07-31,29.6,23.4,26.1,1.5,1.5
2024-08-01,29.0,23.7,25.5,3.7,3.7
2024-08-02,27.4,22.9,24.5,11.5,11.5
2024-08-03,28.1,23.0,25.4,0.4,0.4
2024-08-04,29.0,22.9,25.2,4.9,4.9
2024-08-05,30.2,22.6,25.8,0.5,0.5
2024-08-06,29.0,22.5,25.2,5.5,5.5
2024-08-07,25.0,22.6,23.5,22.2,22.2
2024-08-08,29.0,22.0,24.6,7.9,7.9
2024-08-09,30.3,21.9,25.3,3.6,3.6
2024-08-10,30.3,22.8,26.0,0.4,0.4
2024-08-11,29.4,22.9,25.8,0.2,0.2
2024-08-12,28.1,23.0,24.9,39.0,39.0
2024-08-13,30.4,22.6,26.2,2.2,2.2
2024-08-14,30.8,23.5,27.0,0.2,0.2
2024-08-15,31.0,23.2,26.5,1.1,1.1
2024-08-16,31.1,23.0,25.4,26.6,26.6
2024-08-17,30.4,22.8,26.4,3.2,3.2
2024-08-18,31.1,23.5,26.5,7.8,7.8
2024-08-19,28.8,23.5,25.2,17.3,17.3
2024-08-20,29.9,23.0,25.5,8.2,8.2
2024-08-21,31.2,23.0,26.7,7.4,7.4
2024-08-22,30.0,22.6,25.7,6.9,6.9
2024-08-23,28.4,23.2,25.5,0.2,0.2
2024-08-24,27.2,22.9,24.3,12.7,12.7
2024-08-25,27.0,22.0,24.1,9.1,9.1
2024-08-26,29.2,22.4,25.0,1.8,1.8
2024-08-27,29.6,22.4,25.1,4.0,4.0
2024-08-28,29.2,22.4,25.3,3.3,3.3
2024-08-29,29.2,22.3,25.1,1.0,1.0
2024-08-30,24.8,22.9,23.8,15.9,15.9
2024-08-31,25.1,21.9,23.1,25.0,25.0
2024-09-01,23.1,21.7,22.4,72.0,72.0
2024-09-02,25.1,22.0,23.5,19.6,19.6
2024-09-03,27.5,22.8,24.6,8.8,8.8
2024-09-04,28.1,22.5,24.4,7.9,7.9
2024-09-05,29.4,22.6,25.1,3.7,3.7
2024-09-06,29.0,22.6,25.2,2.9,2.9
2024-09-07,26.5,22.8,24.0,10.3,10.3
2024-09-08,26.4,22.6,23.7,16.1,16.1
2024-09-09,25.0,22.6,23.5,12.9,12.9
2024-09-10,29.2,22.4,25.1,2.5,2.5
2024-09-11,29.4,22.0,25.1,0.1,0.1
2024-09-12,28.7,22.1,25.1,0.0,0.0
2024-09-13,28.6,21.9,24.8,0.0,0.0
2024-09-14,29.1,21.6,24.9,0.0,0.0
2024-09-15,29.4,21.8,25.2,0.0,0.0
2024-09-16,27.8,22.1,24.5,0.8,0.8
2024-09-17,29.8,22.0,25.2,0.0,0.0
2024-09-18,29.5,21.0,24.8,0.1,0.1
2024-09-19,30.4,21.1,25.5,0.0,0.0
2024-09-20,30.9,22.0,25.8,0.4,0.4
2024-09-21,29.5,22.3,24.9,6.1,6.1
2024-09-22,29.3,22.1,24.7,2.4,2.4
2024-09-23,29.2,22.1,24.8,20.0,20.0
2024-09-24,29.2,22.5,25.2,13.6,13.6
2024-09-25,28.7,22.7,24.7,14.6,14.6
2024-09-26,27.8,22.9,24.8,8.6,8.6
2024-09-27,29.0,22.8,25.3,0.0,0.0
2024-09-28,29.6,22.2,25.5,0.0,0.0
2024-09-29,30.7,22.0,26.1,0.8,0.8
2024-09-30,29.9,22.5,25.8,3.7,3.7
2024-10-01,31.2,22.6,26.4,2.7,2.7
2024-10-02,31.8,22.4,26.4,3.1,3.1
2024-10-03,31.5,22.5,26.1,1.1,1.1
2024-10-04,30.6,22.4,25.8,0.1,0.1
2024-10-05,30.4,22.2,24.9,2.2,2.2
2024-10-06,30.7,22.2,25.6,1.4,1.4
2024-10-07,30.0,21.6,25.4,2.1,2.1
2024-10-08,29.6,21.6,25.2,0.2,0.2
2024-10-09,30.1,22.4,25.2,2.7,2.7
2024-10-10,29.1,22.5,25.0,1.4,1.4
2024-10-11,29.6,22.5,24.9,1.7,1.7
2024-10-12,29.5,22.3,24.9,4.4,4.4
2024-10-13,29.6,22.2,25.2,2.7,2.7
2024-10-14,28.5,21.0,25.1,0.2,0.2
2024-10-15,29.4,22.0,24.6,11.0,11.0
2024-10-16,29.4,21.9,24.8,6.6,6.6
2024-10-17,29.0,22.6,25.0,7.8,7.8
2024-10-18,28.8,23.0,25.1,2.6,2.6
2024-10-19,30.2,22.0,25.3,0.9,0.9
2024-10-20,29.4,21.4,24.4,5.9,5.9
2024-10-21,29.5,20.8,24.8,1.2,1.2
2024-10-22,29.5,20.9,24.2,6.1,6.1
2024-10-23,30.5,21.0,24.9,0.0,0.0
2024-10-24,30.7,19.5,24.3,0.0,0.0
2024-10-25,30.1,19.9,24.2,0.0,0.0
2024-10-26,30.1,20.3,24.4,0.4,0.4
2024-10-27,30.5,18.7,24.5,0.0,0.0
2024-10-28,30.2,19.5,24.7,0.0,0.0
2024-10-29,30.5,20.0,25.4,0.1,0.1
2024-10-30,30.2,21.5,24.4,6.5,6.5
2024-10-31,28.7,21.1,24.4,11.3,11.3
2024-11-01,30.1,21.3,24.4,6.1,6.1
2024-11-02,29.1,20.6,24.4,1.6,1.6
2024-11-03,28.4,20.5,24.3,1.2,1.2
2024-11-04,29.5,20.4,24.5,0.0,0.0
2024-11-05,29.7,18.5,24.1,0.0,0.0
2024-11-06,30.2,18.1,23.8,0.0,0.0
2024-11-07,29.8,17.8,23.3,0.0,0.0
2024-11-08,29.5,17.5,23.8,0.0,0.0
2024-11-09,29.8,18.1,23.7,0.0,0.0
2024-11-10,29.9,18.5,24.1,0.0,0.0
2024-11-11,29.3,18.8,23.7,0.0,0.0
2024-11-12,29.9,20.5,25.4,0.0,0.0
2024-11-13,30.3,22.5,26.3,0.0,0.0
2024-11-14,29.5,21.9,25.1,1.0,1.0
2024-11-15,30.6,21.6,26.1,1.4,1.4
2024-11-16,30.6,21.9,26.0,0.0,0.0
2024-11-17,29.5,20.8,24.8,0.0,0.0
2024-11-18,28.5,19.9,23.9,0.0,0.0
2024-11-19,28.3,19.6,23.6,0.0,0.0
2024-11-20,28.1,18.8,23.3,0.0,0.0
2024-11-21,28.3,19.2,23.6,0.0,0.0
2024-11-22,28.5,19.1,23.6,0.0,0.0
2024-11-23,28.3,19.0,23.4,0.0,0.0
2024-11-24,28.4,19.4,23.5,0.0,0.0
2024-11-25,27.5,18.6,22.7,0.0,0.0
2024-11-26,28.8,18.5,23.3,0.0,0.0
2024-11-27,27.5,18.9,22.8,0.0,0.0
2024-11-28,26.9,18.0,22.0,0.0,0.0
2024-11-29,29.0,17.9,23.3,0.0,0.0
2024-11-30,29.0,21.1,24.7,0.0,0.0
2024-12-01,28.0,22.1,24.7,0.7,0.7
2024-12-02,27.2,21.6,23.7,4.2,4.2
2024-12-03,27.4,21.3,23.6,3.5,3.5
2024-12-04,28.2,21.8,24.7,0.8,0.8
2024-12-05,27.4,21.1,23.9,12.2,12.2
2024-12-06,29.1,21.5,24.7,3.1,3.1
2024-12-07,30.0,21.1,25.1,1.4,1.4
2024-12-08,28.6,21.8,24.5,1.1,1.1
2024-12-09,27.8,21.4,24.3,1.0,1.0
2024-12-10,28.2,21.0,23.8,0.6,0.6
2024-12-11,27.1,18.5,22.5,0.0,0.0
2024-12-12,27.4,17.5,22.2,0.0,0.0
2024-12-13,26.9,18.0,22.2,0.0,0.0
2024-12-14,26.6,17.5,21.7,0.0,0.0
2024-12-15,26.5,16.9,21.2,0.0,0.0
2024-12-16,27.0,15.4,20.9,0.0,0.0
2024-12-17,27.5,15.2,21.2,0.0,0.0
2024-12-18,28.0,16.6,22.3,0.0,0.0
2024-12-19,28.9,18.5,23.6,0.0,0.0
2024-12-20,29.4,20.9,24.7,0.0,0.0
2024-12-21,29.9,20.0,24.6,0.0,0.0
2024-12-22,28.5,20.1,24.0,0.0,0.0
2024-12-23,28.5,19.8,24.0,0.0,0.0
2024-12-24,28.5,21.0,24.3,0.0,0.0
2024-12-25,27.7,20.0,23.1,0.1,0.1
2024-12-26,25.9,20.6,22.4,0.5,0.5
2024-12-27,26.4,20.6,22.8,1.9,1.9
2024-12-28,27.9,18.8,23.0,0.0,0.0
2024-12-29,28.9,19.2,23.7,0.0,0.0
2024-12-30,30.0,19.4,24.5,0.0,0.0
2024-12-31,28.7,19.9,24.5,0.0,0.0
